Eating Action1,0.018772,9.511258,0.641213,0.569767,0.572325,0.055046,0.018131,8.486731,0.612166,0.538416,0.540622,0.049689,0.039710,0.281936,0.133402,0.097617,0.098537,0.013682,0.005402,12.244566,0.695677,0.648758,0.649375,0.028812,0.004355,13.203319,0.720156,0.673826,0.674319,0.026244,0.015664,16.122056,0.837824,0.742737,0.745133,0.060804,0.011038,13.574324,0.774290,0.682309,0.683727,0.044827,0.040823,3.264169,0.439084,0.331999,0.335282,0.047663,0.029611,4.101649,0.469261,0.373485,0.375840,0.042781,0.036765,4.455497,0.487762,0.388482,0.391717,0.051156,0.042334,8.314323,0.676084,0.530427,0.535103,0.071881,0.032275,10.808771,0.786478,0.606164,0.610115,0.070597,0.014743,7.529385,0.597021,0.507834,0.509218,0.038203,0.058054,3.022004,0.412310,0.318497,0.322605,0.052261,0.029737,9.967757,0.696269,0.582451,0.585899,0.064629,0.002579,8.812703,0.610009,0.550695,0.550907,0.015561,0.009162,11.134411,0.651620,0.618276,0.619238,0.035131,0.045053,5.470538,0.574133,0.429943,0.434049,0.060655,
Eating Action2,0.015225,12.988449,0.860194,0.783126,0.785462,0.062118,0.005925,7.106507,0.618831,0.580444,0.580998,0.026035,0.068188,0.319729,0.170811,0.120989,0.123236,0.024036,0.004671,11.234720,0.766566,0.729932,0.730513,0.029894,0.003613,9.762513,0.722918,0.680602,0.680969,0.022954,0.009392,13.253482,0.874625,0.792057,0.793436,0.047971,0.007498,10.000115,0.734866,0.688379,0.689206,0.034629,0.028750,2.553110,0.406957,0.346112,0.348242,0.039460,0.035437,2.829448,0.469587,0.363914,0.366604,0.045488,0.029375,3.181661,0.473630,0.386375,0.388753,0.044047,0.071006,6.453398,0.671024,0.545114,0.553657,0.099402,0.066971,7.963444,0.853987,0.606314,0.615031,0.105867,0.047246,5.336962,0.729324,0.498717,0.503493,0.070985,0.052004,2.484885,0.470061,0.339888,0.343558,0.051383,0.033967,7.065678,0.652049,0.575568,0.579327,0.067600,0.001026,6.438296,0.569499,0.552935,0.553009,0.009256,0.005802,8.311155,0.688411,0.627767,0.628315,0.026919,0.098750,4.260880,0.677963,0.439873,0.449880,0.096811,
Eating Action3,0.022947,12.752782,0.737025,0.671130,0.674412,0.067718,0.012679,8.720227,0.612198,0.556006,0.557682,0.044029,0.298606,0.287147,0.212487,0.088401,0.101199,0.050197,0.031549,14.425424,0.807105,0.711838,0.717277,0.089846,0.007923,12.739104,0.743217,0.673162,0.674050,0.035259,0.019790,17.105891,0.870032,0.778007,0.781080,0.070544,0.015397,14.051188,0.775521,0.705598,0.707912,0.058290,0.073249,4.013244,0.538881,0.370087,0.378330,0.080038,0.067031,4.890207,0.619411,0.409823,0.417625,0.081877,0.041826,3.844296,0.432083,0.366868,0.370281,0.051113,0.042817,8.048038,0.764925,0.531121,0.535757,0.071670,0.014096,10.350940,0.700642,0.606035,0.607593,0.044308,0.005373,6.925880,0.548718,0.496575,0.497005,0.021055,0.034900,3.132136,0.423075,0.331895,0.334228,0.040178,0.005911,9.693676,0.621793,0.587417,0.587986,0.026365,0.000674,8.445742,0.566943,0.548786,0.548835,0.007465,0.002336,10.592632,0.648742,0.614436,0.614646,0.016366,0.026364,4.816607,0.502428,0.412385,0.414470,0.042313,
Eating Action4,0.010030,5.910531,0.574190,0.516843,0.517737,0.031156,0.015974,5.371896,0.536404,0.492047,0.493582,0.039865,0.132484,0.039215,0.064955,0.040588,0.042172,0.011731,0.003945,10.326952,0.724623,0.683906,0.684356,0.025415,0.008026,10.188478,0.744677,0.678864,0.679752,0.035586,0.007280,12.521679,0.822471,0.752670,0.753576,0.037843,0.007793,11.519720,0.804888,0.721906,0.722798,0.036782,0.020127,2.459559,0.381588,0.332664,0.333983,0.030382,0.038571,3.287769,0.497661,0.383184,0.386141,0.048878,0.019828,3.165004,0.462454,0.377481,0.378864,0.033134,0.013232,6.041181,0.598097,0.522263,0.523428,0.035755,0.048146,7.557057,0.710305,0.579872,0.585426,0.082434,0.011401,5.555920,0.623801,0.501036,0.501965,0.031282,0.085075,2.513569,0.403531,0.331505,0.337630,0.065602,0.020669,7.528777,0.626211,0.582201,0.584330,0.051060,0.010237,6.959759,0.686389,0.560894,0.561814,0.032944,0.005411,8.373126,0.662560,0.615710,0.616225,0.025822,0.009907,3.761259,0.480591,0.412351,0.413012,0.023923,
Eating Action5,0.041172,4.325321,0.553222,0.460528,0.464400,0.061484,0.012729,5.794265,0.581937,0.536174,0.537504,0.038825,0.242143,0.422719,0.277778,0.134275,0.145181,0.056718,0.051500,6.871121,0.655004,0.578655,0.585324,0.090524,0.008375,8.641820,0.712078,0.655540,0.656425,0.035008,0.017854,9.716747,0.788640,0.693662,0.696054,0.059242,0.024295,8.819232,0.720416,0.660103,0.663129,0.065010,0.099916,3.638595,0.565628,0.414182,0.425941,0.102118,0.071524,4.120041,0.608851,0.444915,0.453245,0.088870,0.019884,2.674976,0.442338,0.363937,0.365210,0.031298,0.006188,5.577033,0.570873,0.526838,0.527332,0.023450,0.014483,7.174707,0.661349,0.596702,0.598115,0.042209,0.005111,5.120084,0.548660,0.504897,0.505267,0.019869,0.076093,2.217148,0.416965,0.326927,0.332491,0.062233,0.009117,7.115364,0.638954,0.594797,0.595636,0.032484,0.000555,6.109254,0.570494,0.551884,0.551921,0.006523,0.002947,7.683091,0.644778,0.618690,0.618943,0.018185,0.038276,3.697693,0.608085,0.426260,0.429386,0.053135,
Eating Action6,0.015158,11.066154,0.863813,0.740624,0.742816,0.058577,0.007833,9.500245,0.726942,0.687356,0.688256,0.036156,0.029125,0.179818,0.107559,0.094058,0.094689,0.011214,0.000731,13.980944,0.859298,0.834855,0.834932,0.011654,0.007153,9.119279,0.755676,0.673569,0.674315,0.032588,0.008950,11.479142,0.837549,0.755416,0.756550,0.042541,0.004251,11.664778,0.818874,0.762173,0.762642,0.027472,0.027153,2.302992,0.391821,0.336994,0.338867,0.036554,0.034861,2.783031,0.420891,0.369910,0.372513,0.045164,0.041701,2.888262,0.481541,0.375866,0.379491,0.053755,0.050834,5.574990,0.745762,0.521877,0.527236,0.077031,0.019712,6.706844,0.683310,0.576341,0.578285,0.048671,0.024240,5.062694,0.641991,0.500321,0.502428,0.047225,0.019233,2.232293,0.380293,0.332498,0.333625,0.028142,0.005293,6.948387,0.649455,0.588144,0.588606,0.023959,0.002428,6.157825,0.578533,0.553929,0.554110,0.014569,0.017679,8.051174,0.797978,0.631740,0.633596,0.049788,0.076502,4.378568,0.699285,0.459731,0.467249,0.085773,
Eating Action7,0.009635,9.916169,0.755071,0.669397,0.670606,0.041243,0.010838,7.790736,0.628426,0.593229,0.594408,0.038345,0.264813,0.016377,0.047462,0.024948,0.027253,0.011242,0.002985,15.076270,0.876601,0.826520,0.826880,0.025002,0.009562,10.244609,0.766432,0.680580,0.681622,0.038608,0.005137,13.385586,0.853761,0.778478,0.779138,0.032853,0.003904,13.183858,0.836053,0.772802,0.773245,0.026815,0.008290,2.436219,0.371644,0.331947,0.332395,0.017673,0.024835,2.963388,0.418324,0.364868,0.366598,0.036447,0.033384,3.402883,0.464003,0.389851,0.392843,0.049591,0.013905,5.769318,0.597692,0.510281,0.511514,0.036375,0.032633,7.667134,0.690478,0.586141,0.589674,0.066046,0.014548,5.707633,0.598740,0.507520,0.508773,0.036559,0.023019,2.508141,0.419670,0.335835,0.337265,0.031794,0.006605,7.713200,0.644256,0.590849,0.591443,0.027162,0.002887,6.612413,0.579804,0.547394,0.547615,0.015975,0.011864,8.380059,0.694122,0.615222,0.616480,0.040336,0.034316,3.900800,0.524939,0.417839,0.420603,0.049328,
Eating Action8,0.006589,3.889808,0.509858,0.463609,0.464061,0.021103,0.006366,4.986244,0.555204,0.524915,0.525409,0.023499,0.103321,0.059957,0.074726,0.056256,0.057614,0.012819,0.001273,8.047817,0.692563,0.667389,0.667498,0.012463,0.011464,8.370323,0.756515,0.679499,0.680741,0.042378,0.005714,9.227975,0.769515,0.714149,0.714767,0.030633,0.002999,9.315818,0.758370,0.717870,0.718161,0.021043,0.008928,1.988339,0.369132,0.331315,0.331785,0.018195,0.020414,2.847671,0.436313,0.395657,0.397060,0.034372,0.063989,2.578516,0.485664,0.372258,0.377830,0.066637,0.006891,4.842456,0.548067,0.517244,0.517778,0.024233,0.028608,5.991274,0.649532,0.573004,0.575931,0.059775,0.006839,4.359525,0.525361,0.490801,0.491282,0.022393,0.032939,1.991651,0.383489,0.330099,0.332061,0.037154,0.017386,6.179014,0.642458,0.583234,0.584885,0.045263,0.006565,5.273414,0.583157,0.539796,0.540327,0.024686,0.004717,6.696830,0.642985,0.608501,0.608900,0.022703,0.010478,3.009449,0.450000,0.407531,0.408183,0.023772,
Eating Action9,0.005070,4.159039,0.525490,0.493255,0.493653,0.020470,0.000831,6.246710,0.621095,0.604935,0.604994,0.008774,0.028584,0.220050,0.133834,0.112951,0.113550,0.012033,0.001772,7.227192,0.675058,0.650598,0.650744,0.014231,0.021716,7.447890,0.768854,0.658229,0.660606,0.057821,0.011047,7.317136,0.727988,0.653655,0.654781,0.039652,0.004958,8.621050,0.784033,0.710246,0.710732,0.027127,0.020820,1.981937,0.425783,0.339526,0.340777,0.030129,0.039280,2.899556,0.508334,0.409212,0.412184,0.051033,0.058395,2.602599,0.505058,0.385731,0.390507,0.062889,0.229166,4.175325,0.544420,0.466947,0.494619,0.168471,0.491111,6.414690,0.936671,0.516102,0.613075,0.341759,0.026251,4.475501,0.670462,0.509834,0.512090,0.049592,0.184511,2.170948,0.476678,0.340595,0.356657,0.109295,0.046956,6.872771,0.845887,0.629009,0.634588,0.086710,0.007267,5.433121,0.627756,0.563620,0.564222,0.026910,0.020117,6.351506,0.666315,0.608066,0.610048,0.050747,0.016559,2.787318,0.446622,0.403054,0.404128,0.030403,
Eating Action10,0.017518,9.005728,0.742315,0.685257,0.687403,0.055842,0.003184,9.916748,0.747240,0.720969,0.721334,0.023616,0.070987,0.273747,0.160761,0.117759,0.119847,0.022919,0.017203,12.540961,0.899153,0.808465,0.811180,0.068241,0.017483,8.193050,0.783324,0.653628,0.655654,0.053003,0.012805,9.694554,0.796020,0.711684,0.713207,0.047943,0.006319,11.336565,0.815152,0.770465,0.771246,0.035698,0.167439,3.382178,0.673279,0.399787,0.421260,0.136628,0.044288,3.017199,0.470566,0.394349,0.397882,0.054440,0.071182,2.607815,0.503971,0.363471,0.369905,0.070685,0.029666,5.544362,0.667970,0.536451,0.539359,0.057549,0.014128,6.815909,0.678557,0.596624,0.598017,0.041985,0.007720,4.659054,0.559492,0.493844,0.494425,0.024660,0.020578,1.994065,0.386693,0.322313,0.323461,0.028016,0.030638,6.629457,0.651714,0.586638,0.589781,0.062575,0.007696,5.703978,0.592576,0.546429,0.547067,0.027188,0.008687,7.420874,0.688392,0.623157,0.623993,0.033219,0.041213,3.363015,0.547345,0.416847,0.420065,0.053396,
Eating Action11,0.007305,9.016320,0.674139,0.638717,0.639456,0.031488,0.003312,8.827027,0.650954,0.632369,0.632707,0.021205,0.324074,0.096015,0.131831,0.058761,0.065988,0.030766,0.012905,13.959841,0.864286,0.793817,0.795675,0.055686,0.007747,9.839902,0.760191,0.667222,0.668022,0.033491,0.007206,12.442816,0.822309,0.750327,0.751199,0.037080,0.004002,13.028142,0.819743,0.768190,0.768665,0.027690,0.080039,3.076439,0.551124,0.365978,0.373525,0.076554,0.032231,3.819591,0.513143,0.413334,0.416202,0.049984,0.044413,3.075794,0.469602,0.369847,0.373486,0.053291,0.023169,5.751748,0.613477,0.508550,0.510735,0.048355,0.017202,7.939903,0.712535,0.598299,0.600072,0.047233,0.008146,5.655872,0.581932,0.505810,0.506460,0.026299,0.011259,2.502696,0.368614,0.336269,0.336899,0.021097,0.003652,7.861061,0.631828,0.596768,0.597085,0.019945,0.001231,6.730947,0.574999,0.552412,0.552502,0.010226,0.003606,8.322140,0.650526,0.614027,0.614346,0.020301,0.011125,3.857677,0.475037,0.417525,0.418272,0.025608,
Eating Action12,0.006949,2.548942,0.422707,0.397813,0.398247,0.019252,0.001186,5.181081,0.578210,0.567695,0.567784,0.010394,0.095066,0.335355,0.221481,0.141487,0.144453,0.030140,0.012442,5.299712,0.621373,0.573123,0.574247,0.037177,0.018003,6.806377,0.754290,0.648903,0.650775,0.051060,0.005757,6.873390,0.694242,0.653450,0.653971,0.027018,0.005691,7.119032,0.711066,0.665023,0.665554,0.027514,0.050556,2.093404,0.451025,0.357319,0.360910,0.052571,0.099579,3.231291,0.657270,0.438414,0.448395,0.097385,0.025557,2.399539,0.464439,0.384678,0.386400,0.037711,0.014182,4.522331,0.637171,0.529305,0.530462,0.036235,0.015443,5.822450,0.689323,0.600412,0.601902,0.043805,0.006775,3.878859,0.523264,0.490809,0.491275,0.022148,0.132826,1.521132,0.416900,0.298829,0.307649,0.075705,0.028326,4.979875,0.600368,0.553925,0.556650,0.056939,0.007577,4.682632,0.574643,0.539191,0.539781,0.026125,0.002771,6.181930,0.649375,0.619987,0.620204,0.017002,0.006741,2.905396,0.458582,0.424775,0.425183,0.019276,
Eating Action13,0.007411,4.424090,0.537077,0.508517,0.509140,0.026017,0.001301,6.416156,0.634473,0.613040,0.613145,0.011697,0.077975,0.396446,0.215520,0.149611,0.152411,0.030039,0.011530,6.481271,0.655100,0.615067,0.616248,0.039385,0.011889,7.290960,0.722231,0.652394,0.653609,0.041139,0.011682,7.532286,0.761209,0.663098,0.664338,0.041899,0.004286,7.994675,0.715842,0.684007,0.684425,0.024710,0.080324,2.357641,0.512832,0.364974,0.371676,0.072567,0.040459,3.105086,0.504577,0.423186,0.426543,0.055161,0.050621,2.564305,0.497517,0.383454,0.387624,0.058563,0.013007,4.480051,0.550188,0.511268,0.512350,0.034376,0.048186,5.922612,0.729698,0.583885,0.589091,0.080708,0.015007,4.345697,0.580112,0.503389,0.504609,0.036226,0.148044,2.300698,0.690127,0.354667,0.367160,0.098076,0.027161,6.347861,0.740998,0.607074,0.609873,0.060280,0.001970,5.192394,0.572377,0.551446,0.551581,0.012610,0.001446,6.533517,0.636276,0.618616,0.618727,0.012130,0.005284,2.910191,0.455689,0.412635,0.412939,0.016366,
Eating Action14,0.031002,9.431679,0.755103,0.681501,0.685768,0.078476,0.006610,9.891649,0.724818,0.701557,0.702291,0.032987,0.139145,0.365637,0.201384,0.129217,0.135023,0.040243,0.040899,12.329452,0.890388,0.776987,0.784069,0.108026,0.007078,8.969856,0.724240,0.668029,0.668768,0.032285,0.013224,10.211957,0.802394,0.711818,0.713571,0.051359,0.016469,11.302864,0.810262,0.748543,0.750718,0.058669,0.115963,3.994313,0.619114,0.432556,0.446276,0.112816,0.047819,3.759292,0.590800,0.428915,0.432948,0.060574,0.079955,2.764174,0.507355,0.364367,0.371249,0.073099,0.028872,5.364618,0.631654,0.514494,0.517192,0.054206,0.023238,7.402942,0.731441,0.605118,0.607554,0.055843,0.009606,4.957169,0.569231,0.496412,0.497164,0.028085,0.072089,2.321954,0.541413,0.335161,0.340259,0.060287,0.025028,7.176031,0.777428,0.595463,0.598170,0.058405,0.003257,6.135181,0.611639,0.552845,0.553091,0.016921,0.004248,7.524525,0.648514,0.612140,0.612523,0.022230,0.015008,3.601683,0.494105,0.422733,0.423775,0.030518,
Eating Action15,0.022465,7.670897,0.696967,0.631562,0.634417,0.061865,0.002987,8.038101,0.667556,0.649152,0.649425,0.019374,0.227336,0.188087,0.182322,0.091750,0.099342,0.039191,0.029233,11.143385,0.864405,0.760046,0.764646,0.086172,0.008787,8.629459,0.740095,0.671977,0.672889,0.036037,0.021635,9.923232,0.770030,0.718734,0.721570,0.065771,0.019274,10.775834,0.831142,0.749463,0.751930,0.062629,0.100361,3.293971,0.569984,0.404940,0.415730,0.096832,0.116441,3.928523,0.773758,0.442075,0.454011,0.106421,0.065970,2.769819,0.473500,0.375718,0.381222,0.066415,0.029731,5.685618,0.661840,0.543235,0.546186,0.058345,0.034248,7.633962,0.768487,0.628888,0.632888,0.073107,0.009046,4.781774,0.563499,0.500204,0.500895,0.027052,0.045703,2.286175,0.460419,0.343358,0.346343,0.046688,0.019964,6.727332,0.702031,0.592146,0.594119,0.049785,0.003877,5.683018,0.572413,0.545759,0.546061,0.018711,0.005643,6.876983,0.634078,0.600195,0.600691,0.025108,0.016363,3.183646,0.456906,0.407580,0.408709,0.031242,
Eating Action16,0.015402,5.128619,0.500723,0.442244,0.443778,0.037624,0.012393,8.320203,0.597558,0.563856,0.565240,0.040336,0.246935,1.376545,0.389376,0.208597,0.229912,0.098672,0.092230,7.212950,0.642564,0.512411,0.526286,0.122527,0.019466,10.666583,0.846527,0.637683,0.639998,0.055499,0.014467,11.721309,0.826735,0.669160,0.670894,0.049199,0.044914,10.023700,0.756335,0.613658,0.620411,0.093173,0.058406,3.973935,0.533555,0.384385,0.390639,0.071060,0.080319,5.535122,0.708894,0.451562,0.461030,0.094872,0.047522,4.018704,0.481564,0.388648,0.392834,0.058368,0.013936,6.802939,0.597066,0.509878,0.511109,0.036192,0.018834,8.803678,0.648679,0.579473,0.581430,0.048648,0.009231,6.491984,0.572091,0.498497,0.499292,0.028749,0.073305,3.194325,0.504969,0.344381,0.350231,0.065063,0.012229,9.445233,0.687151,0.600944,0.602243,0.040350,0.010266,7.894801,0.609078,0.549652,0.550600,0.032966,0.002076,9.765707,0.645246,0.612191,0.612375,0.015301,0.007771,4.531198,0.461534,0.416585,0.417131,0.021765,
Eating Action17,0.011353,7.941535,0.614796,0.562018,0.563125,0.036053,0.007372,10.011031,0.671718,0.631356,0.632255,0.034415,0.059152,0.643655,0.194528,0.158040,0.160317,0.027502,0.005547,10.052178,0.667104,0.632984,0.633553,0.027408,0.012962,10.991158,0.721534,0.660991,0.662482,0.045390,0.021170,11.252890,0.774323,0.667519,0.670324,0.062572,0.003921,11.774854,0.734333,0.685288,0.685694,0.024118,0.107172,3.442394,0.586463,0.359861,0.370752,0.091118,0.050866,4.244347,0.604466,0.407235,0.411678,0.061622,0.055082,3.514060,0.474046,0.370168,0.374591,0.058628,0.018964,7.239494,0.657428,0.535746,0.537659,0.046291,0.026424,8.673523,0.720594,0.585567,0.588505,0.060003,0.007941,6.253776,0.575249,0.499073,0.499717,0.025908,0.053700,2.894485,0.484550,0.336145,0.339968,0.051938,0.020921,8.981853,0.747346,0.596583,0.598874,0.053460,0.002409,7.729914,0.596184,0.555380,0.555572,0.014884,0.004594,9.505781,0.663148,0.615659,0.616093,0.023623,0.042186,4.648794,0.591743,0.427128,0.430847,0.057700,
Eating Action18,0.072230,7.553277,0.791829,0.602292,0.613692,0.120962,0.060141,8.053102,0.756796,0.624281,0.633672,0.111663,0.123096,1.364787,0.344411,0.251901,0.260865,0.069653,0.161145,6.933425,0.830952,0.558877,0.587972,0.187673,0.010660,8.160425,0.729104,0.636790,0.637880,0.038303,0.018032,9.593432,0.749336,0.689549,0.691623,0.054991,0.079023,7.775953,0.775015,0.609563,0.622672,0.130578,0.098240,5.166283,0.720068,0.492219,0.507542,0.127160,0.073111,4.394941,0.656111,0.460513,0.468122,0.086361,0.068333,2.806573,0.466005,0.368285,0.374085,0.067420,0.023535,5.481571,0.663328,0.520560,0.522800,0.049658,0.046219,7.127428,0.781070,0.590381,0.596141,0.084939,0.006509,5.024027,0.578205,0.500023,0.500505,0.022570,0.098223,2.451017,0.563987,0.342006,0.349587,0.074396,0.028327,7.157852,0.679479,0.594297,0.597412,0.062602,0.013239,6.141159,0.631224,0.552162,0.553360,0.037392,0.003042,7.453992,0.637147,0.609386,0.609645,0.018252,0.011676,3.473645,0.470000,0.415402,0.416174,0.026043,
Eating Action19,0.027486,10.283656,0.776938,0.663865,0.667976,0.075732,0.038088,8.815037,0.705835,0.612694,0.618442,0.086103,0.245264,1.226669,0.332292,0.209660,0.230702,0.098525,0.145810,9.582438,0.894162,0.614833,0.644800,0.198859,0.006775,9.711473,0.730001,0.648397,0.649127,0.031487,0.018336,12.201618,0.805265,0.725108,0.727605,0.061649,0.082273,9.701494,0.832275,0.634197,0.648793,0.140065,0.076952,4.461032,0.631133,0.430352,0.439951,0.093554,0.051482,5.340742,0.659631,0.475583,0.481380,0.076230,0.047643,3.245551,0.451742,0.371451,0.375259,0.054578,0.057283,6.075657,0.603341,0.507390,0.513433,0.080390,0.047353,8.052956,0.687637,0.585481,0.591105,0.083258,0.011688,5.655331,0.536838,0.494400,0.495354,0.031461,0.049852,2.400055,0.442321,0.319344,0.322699,0.047507,0.014921,8.041815,0.664760,0.589180,0.590696,0.043288,0.017662,6.953273,0.629473,0.547587,0.549265,0.043906,0.014614,9.140163,0.811577,0.628207,0.629744,0.045007,0.016770,3.997856,0.491892,0.415257,0.416486,0.032724,
Eating Action20,0.010001,6.387579,0.569931,0.525440,0.526448,0.033316,0.006466,6.796968,0.573635,0.542424,0.543056,0.026799,0.002112,2.476070,0.340264,0.327665,0.327769,0.008459,0.002573,3.536948,0.416868,0.391591,0.391743,0.011168,0.005035,8.908289,0.708374,0.621228,0.621705,0.024917,0.003894,10.481963,0.703818,0.673947,0.674386,0.024891,0.003094,6.060492,0.547885,0.512562,0.512792,0.015699,0.003831,2.860748,0.377356,0.352101,0.352311,0.012475,0.004696,3.780354,0.430172,0.404704,0.404998,0.015802,0.008315,4.403179,0.476473,0.436406,0.437089,0.024998,0.007837,6.161755,0.558896,0.516404,0.517058,0.026606,0.022115,8.321237,0.780979,0.598523,0.600871,0.054317,0.017635,5.893602,0.662729,0.504143,0.505682,0.040355,0.085865,3.100396,0.579961,0.359379,0.366771,0.074989,0.043525,8.220034,0.781177,0.591711,0.597205,0.082723,0.030546,6.616253,0.628226,0.532648,0.535788,0.059281,0.003972,8.790913,0.653005,0.617229,0.617595,0.021762,0.012037,3.838121,0.444115,0.407261,0.408081,0.026463,
Eating Action21,0.016191,6.006908,0.651751,0.532564,0.534161,0.042346,0.042740,7.118867,0.711738,0.575871,0.581503,0.082834,0.060655,1.825557,0.339367,0.290125,0.294472,0.051724,0.103069,4.600191,0.659524,0.454575,0.467450,0.111781,0.008651,8.311470,0.692059,0.627470,0.628327,0.033660,0.006219,10.026372,0.754872,0.689458,0.690111,0.030776,0.043073,6.551474,0.711346,0.552584,0.557849,0.078447,0.076103,4.308331,0.652966,0.443118,0.452378,0.093429,0.045750,4.166068,0.605680,0.440476,0.444846,0.063819,0.053549,3.706961,0.496298,0.414787,0.419620,0.065153,0.013740,5.977023,0.624826,0.531573,0.532831,0.037539,0.049845,8.525727,0.902128,0.629832,0.636374,0.093381,0.007791,5.226024,0.574751,0.497641,0.498233,0.024916,0.126730,2.474446,0.526364,0.332733,0.342835,0.084760,0.062957,7.694919,0.853325,0.596783,0.604573,0.099256,0.026693,6.368312,0.632613,0.547383,0.549995,0.054930,0.004593,8.027401,0.669316,0.617074,0.617496,0.023414,0.012549,3.626207,0.461237,0.414160,0.415024,0.027461,
Eating Action22,0.045776,7.273179,0.780934,0.628161,0.634561,0.092665,0.076714,7.029951,0.772839,0.612334,0.623860,0.123040,0.112449,1.283747,0.345746,0.258498,0.266594,0.067207,0.162828,6.032561,0.812296,0.550398,0.577912,0.181618,0.013886,7.350735,0.732747,0.636514,0.637935,0.043870,0.013435,8.966470,0.750762,0.703063,0.704566,0.047415,0.084597,6.702581,0.774086,0.595952,0.609161,0.130052,0.078533,5.039755,0.692224,0.517272,0.528221,0.110284,0.081455,4.208457,0.683817,0.473462,0.482695,0.096847,0.042912,2.713720,0.477858,0.384154,0.387609,0.053228,0.005883,4.730946,0.537907,0.511353,0.511782,0.021601,0.005952,6.345198,0.636891,0.592182,0.592698,0.025500,0.007925,4.616059,0.564236,0.504941,0.505530,0.025140,0.081256,1.919012,0.413710,0.320421,0.325949,0.061617,0.018934,6.565105,0.761802,0.600992,0.602881,0.049157,0.019116,5.345351,0.568874,0.542326,0.544000,0.043960,0.002127,6.831328,0.641018,0.614814,0.614984,0.014898,0.006405,3.051050,0.445668,0.410613,0.410994,0.018232,
Eating Action23,0.053270,10.067215,0.828677,0.683094,0.691515,0.110384,0.047782,9.428288,0.756437,0.661877,0.669211,0.101370,0.234538,0.870147,0.335130,0.188205,0.203303,0.078881,0.142755,10.839789,0.948932,0.688381,0.717558,0.207798,0.010208,9.013579,0.715531,0.653228,0.654328,0.038912,0.015250,11.081311,0.797445,0.723512,0.725508,0.055176,0.078237,9.946847,0.812818,0.673609,0.687368,0.140397,0.061281,5.236104,0.667652,0.490704,0.498713,0.091332,0.060892,5.019202,0.648836,0.481545,0.488275,0.082886,0.025929,2.702697,0.439657,0.356637,0.358299,0.035360,0.031577,6.279263,0.676897,0.542970,0.546136,0.060250,0.059840,7.905752,0.778093,0.605306,0.612800,0.098022,0.019420,5.075252,0.548296,0.489346,0.490993,0.041235,0.046686,2.446945,0.489394,0.337851,0.340925,0.046869,0.017673,7.409108,0.753069,0.591436,0.593239,0.047422,0.019257,6.306173,0.656262,0.545510,0.547305,0.045443,0.005865,8.062626,0.663976,0.618314,0.618850,0.026418,0.013638,3.960709,0.492685,0.432764,0.433744,0.029897,
Eating Action24,0.006879,5.713677,0.562413,0.533104,0.533753,0.027047,0.023558,5.726564,0.613745,0.531801,0.534355,0.053608,0.003980,2.665251,0.376333,0.364321,0.364545,0.013147,0.021633,2.603750,0.419099,0.358788,0.360315,0.034049,0.002228,7.367692,0.649855,0.605926,0.606106,0.015168,0.008185,9.136360,0.713587,0.673970,0.674946,0.037279,0.012613,4.785036,0.549192,0.487314,0.488456,0.034297,0.015901,2.954268,0.443336,0.382550,0.383802,0.031830,0.006481,3.467994,0.449861,0.415353,0.415836,0.020576,0.012373,3.875794,0.493990,0.438563,0.439605,0.031085,0.004228,5.572692,0.574912,0.526810,0.527127,0.018772,0.004324,7.215205,0.643287,0.599428,0.599801,0.021719,0.002475,4.956499,0.524530,0.496962,0.497130,0.013302,0.103186,1.934958,0.345111,0.303688,0.310612,0.067007,0.019664,6.623613,0.632736,0.572758,0.574685,0.048310,0.001444,6.013811,0.569425,0.547490,0.547593,0.010905,0.003741,7.578151,0.654232,0.614377,0.614701,0.020524,0.009874,3.421669,0.440747,0.412396,0.413049,0.023859,
Eating Action25,0.004499,7.367304,0.620837,0.564984,0.565381,0.021679,0.038845,6.907028,0.692645,0.542649,0.547435,0.073928,0.086209,1.989697,0.333837,0.286973,0.293819,0.064543,0.107272,4.868199,0.678104,0.445952,0.459591,0.113748,0.019863,9.222944,0.759327,0.630289,0.632589,0.055164,0.016097,11.910143,0.851613,0.716868,0.718862,0.054758,0.049639,6.907609,0.741250,0.541228,0.547458,0.084293,0.090144,4.158558,0.619904,0.413936,0.424774,0.097587,0.121917,4.955002,0.856984,0.449461,0.463670,0.116588,0.030519,4.102068,0.552955,0.419487,0.421879,0.045919,0.001973,6.192132,0.539513,0.518191,0.518331,0.012314,0.015923,8.364988,0.696856,0.600742,0.602448,0.046368,0.002889,5.782225,0.536895,0.500669,0.500881,0.014899,0.087339,2.492876,0.447693,0.322219,0.328880,0.067406,0.010254,8.000752,0.651950,0.588195,0.589186,0.034959,0.009143,7.105075,0.647263,0.554410,0.555228,0.030838,0.001034,8.813302,0.648865,0.618296,0.618381,0.010502,0.002234,3.949686,0.442762,0.413839,0.413969,0.010654,
Eating Action26,0.002945,4.964704,0.572769,0.524067,0.524273,0.015177,0.007704,4.441756,0.572616,0.495325,0.495893,0.024476,0.006463,2.009442,0.344498,0.333225,0.333541,0.014947,0.018039,2.382652,0.455799,0.362118,0.363196,0.028832,0.002513,6.904445,0.665105,0.618063,0.618266,0.016355,0.001713,9.031550,0.748358,0.706963,0.707119,0.015286,0.005629,4.122880,0.510545,0.477382,0.477762,0.019623,0.120213,2.954087,0.686269,0.393202,0.404411,0.097464,0.055332,3.289420,0.644355,0.422245,0.426747,0.063727,0.005885,3.058067,0.434094,0.411118,0.411467,0.017464,0.013261,5.049599,0.607657,0.527625,0.528737,0.035330,0.009814,6.509244,0.691602,0.599381,0.600311,0.034425,0.002447,4.452930,0.527452,0.496359,0.496517,0.012917,0.079585,1.860461,0.383333,0.315694,0.320938,0.059558,0.004788,6.158195,0.613349,0.583501,0.583899,0.022222,0.015327,5.484431,0.640693,0.549691,0.551032,0.039597,0.002535,6.997526,0.658537,0.622214,0.622420,0.016501,0.001831,3.164008,0.440000,0.418435,0.418533,0.009346,
Eating Action27,0.000761,7.248938,0.614786,0.586738,0.586792,0.008162,0.009708,5.736333,0.619614,0.521176,0.521992,0.029929,0.013680,2.177165,0.337089,0.320853,0.321583,0.022208,0.024996,3.423248,0.540476,0.401438,0.403242,0.039088,0.004110,8.355223,0.681607,0.629601,0.629979,0.022363,0.000741,10.487782,0.724227,0.705748,0.705811,0.009714,0.006626,5.280345,0.587921,0.500319,0.500816,0.022878,0.117385,3.371061,0.694884,0.388820,0.400157,0.097031,0.067793,4.014080,0.650873,0.430251,0.436656,0.076454,0.019255,3.642516,0.452791,0.414600,0.415956,0.034428,0.004596,5.563795,0.545359,0.513735,0.514082,0.019381,0.012652,7.357098,0.650650,0.589918,0.591153,0.039182,0.000762,5.254053,0.517949,0.499519,0.499567,0.007158,0.032044,2.588173,0.457838,0.348459,0.350625,0.039925,0.004980,7.660140,0.663242,0.602741,0.603205,0.024285,0.015884,6.422140,0.681910,0.550866,0.552315,0.041020,0.004693,7.903176,0.649204,0.612265,0.612700,0.023685,0.008283,3.481964,0.436852,0.406140,0.406686,0.021616,
Eating Action28,0.001257,7.680220,0.587566,0.577161,0.577263,0.011118,0.001731,5.040843,0.495546,0.467553,0.467669,0.010651,0.000844,3.517309,0.397163,0.390612,0.390654,0.005872,0.001167,2.299963,0.339149,0.315851,0.315898,0.005605,0.002824,8.380268,0.656340,0.602760,0.602998,0.017327,0.000468,11.698617,0.720915,0.712408,0.712450,0.007920,0.001186,4.542746,0.465348,0.443893,0.443962,0.008061,0.007457,2.847165,0.422643,0.351068,0.351474,0.017294,0.010773,3.735445,0.497366,0.401875,0.402586,0.024468,0.000903,4.148151,0.438397,0.424190,0.424243,0.006859,0.001915,6.275268,0.559018,0.521662,0.521799,0.012215,0.009153,8.356955,0.721165,0.601250,0.602159,0.033845,0.003875,5.697631,0.546657,0.496913,0.497203,0.017394,0.008802,2.639110,0.380774,0.337914,0.338389,0.018339,0.001067,8.072865,0.604941,0.591753,0.591835,0.010076,0.002677,7.043828,0.614719,0.552623,0.552830,0.015490,0.002595,8.684363,0.649970,0.613610,0.613841,0.017225,0.006721,3.972742,0.469993,0.414733,0.415176,0.019622,
Eating Action29,0.000094,5.718350,0.550591,0.547751,0.547756,0.002501,0.000103,4.173471,0.475391,0.467947,0.467951,0.002185,0.000186,2.715390,0.380180,0.377450,0.377458,0.002439,0.000224,1.934477,0.325132,0.318583,0.318591,0.002282,0.000253,6.937461,0.615020,0.603310,0.603326,0.004579,0.000154,9.537814,0.718060,0.707407,0.707418,0.004127,0.000363,3.935872,0.463488,0.454417,0.454436,0.004196,0.001627,2.272465,0.370805,0.345232,0.345303,0.007200,0.000897,2.993883,0.414015,0.396298,0.396341,0.006016,0.000329,3.332973,0.431682,0.418169,0.418184,0.003640,0.002435,5.234629,0.565636,0.523902,0.524077,0.013935,0.003354,6.786072,0.644018,0.596432,0.596707,0.018638,0.001540,4.740170,0.517949,0.498612,0.498711,0.010206,0.004550,2.121928,0.357568,0.333451,0.333670,0.012438,0.003033,6.792881,0.662469,0.596763,0.597006,0.017553,0.001078,5.746436,0.569224,0.549028,0.549100,0.009150,0.001956,7.254108,0.641819,0.616784,0.616941,0.014346,0.004550,3.314665,0.437522,0.416754,0.417034,0.015738,
Eating Action30,0.000025,6.086769,0.599984,0.597198,0.597199,0.001301,0.000429,2.675599,0.406196,0.395927,0.395946,0.003979,0.000842,2.958136,0.421587,0.416286,0.416327,0.006069,0.001690,1.290987,0.291321,0.274975,0.275034,0.005868,0.000393,5.853656,0.596805,0.585627,0.585652,0.005567,0.000176,9.639351,0.760286,0.751522,0.751536,0.004717,0.000482,2.825202,0.419075,0.406843,0.406865,0.004363,0.003288,2.079652,0.380897,0.348922,0.349077,0.010735,0.003334,2.751962,0.428199,0.401372,0.401557,0.012575,0.000592,2.939328,0.419347,0.414974,0.415001,0.004897,0.001141,4.659390,0.539435,0.522434,0.522505,0.008862,0.002541,6.127464,0.633727,0.598991,0.599192,0.016029,0.002259,4.280522,0.532210,0.500668,0.500811,0.012382,0.005212,1.883535,0.358979,0.331963,0.332210,0.013221,0.001465,5.972707,0.603793,0.591472,0.591577,0.011523,0.001185,5.116274,0.561614,0.547446,0.547523,0.009495,0.001680,6.480297,0.634146,0.616071,0.616202,0.013117,0.002077,2.972675,0.430000,0.417240,0.417349,0.009863,
Eating Action31,0.001574,6.976462,0.681264,0.639231,0.639357,0.013071,0.011766,4.052728,0.569794,0.486403,0.487303,0.030576,0.011598,2.165828,0.370102,0.355600,0.356236,0.021966,0.028735,2.358187,0.486099,0.369856,0.371719,0.038385,0.005495,6.584522,0.671713,0.620661,0.621138,0.025116,0.000469,9.040179,0.738792,0.727766,0.727804,0.007640,0.004361,3.716443,0.512685,0.466363,0.466648,0.016851,0.086794,2.755806,0.619601,0.394387,0.401837,0.079546,0.052349,3.284689,0.603752,0.434114,0.438705,0.065377,0.014504,2.853545,0.424109,0.407978,0.408901,0.028360,0.010429,4.759467,0.630626,0.527263,0.528086,0.030433,0.007555,6.188173,0.658647,0.601488,0.602153,0.029228,0.001295,4.247254,0.508841,0.498783,0.498861,0.009155,0.017439,1.957121,0.410664,0.337688,0.338637,0.026172,0.006939,6.222186,0.685539,0.603207,0.603806,0.027769,0.006111,5.161924,0.591216,0.549482,0.549960,0.023694,0.000794,6.493127,0.632064,0.616755,0.616812,0.008612,0.006181,2.965068,0.453905,0.416451,0.416815,0.017983,
Eating Action32,0.000045,9.030359,0.657859,0.654934,0.654937,0.002033,0.000061,5.286266,0.503870,0.501093,0.501096,0.001835,0.000056,2.789668,0.366030,0.364016,0.364018,0.001277,0.000025,2.939919,0.375958,0.373692,0.373693,0.000838,0.000141,7.982659,0.623121,0.615764,0.615773,0.003490,0.000125,10.841987,0.724708,0.717622,0.717631,0.003792,0.000361,4.739044,0.484985,0.474432,0.474452,0.004446,0.000182,2.484982,0.348017,0.343558,0.343565,0.002215,0.000336,3.240589,0.398198,0.392321,0.392337,0.003588,0.000098,3.671800,0.421071,0.417620,0.417625,0.001971,0.001286,5.686533,0.537683,0.519636,0.519721,0.009646,0.012492,7.301889,0.658072,0.587703,0.588931,0.039007,0.007856,5.184180,0.574479,0.495619,0.496234,0.025356,0.006718,2.338346,0.372783,0.332929,0.333274,0.015555,0.001616,7.440664,0.636021,0.594372,0.594501,0.012732,0.001113,6.482071,0.584255,0.554808,0.554886,0.009528,0.003022,8.182820,0.662785,0.623189,0.623445,0.018349,0.001959,3.704961,0.438578,0.419397,0.419506,0.009807,
Eating Action33,0.000082,8.869292,0.588347,0.583588,0.583593,0.002583,0.000347,5.911355,0.481461,0.476419,0.476441,0.004679,0.000064,4.069272,0.397389,0.395295,0.395297,0.001539,0.000208,2.631443,0.321427,0.317871,0.317880,0.002334,0.000264,9.338504,0.608655,0.598812,0.598831,0.004903,0.000169,13.028217,0.718887,0.707293,0.707307,0.004544,0.000270,5.184337,0.452445,0.446168,0.446182,0.003685,0.000297,3.102364,0.352579,0.345141,0.345153,0.003009,0.000398,4.033108,0.400654,0.393518,0.393537,0.003997,0.000120,4.553593,0.422752,0.418155,0.418160,0.002222,0.001006,6.946573,0.533157,0.516407,0.516477,0.008662,0.004787,9.302666,0.661977,0.597237,0.597681,0.023510,0.003018,6.524759,0.543601,0.500325,0.500550,0.015331,0.006514,2.957247,0.380968,0.336626,0.336984,0.015849,0.000785,9.187378,0.617689,0.593905,0.593966,0.008685,0.000766,7.876709,0.569797,0.549914,0.549969,0.007940,0.002725,9.741404,0.643971,0.611360,0.611613,0.017944,0.008039,4.426680,0.459632,0.411742,0.412292,0.021730,
Eating Action34,0.000157,9.136435,0.679093,0.674938,0.674949,0.004022,0.000342,5.652852,0.545951,0.530884,0.530905,0.004803,0.000707,2.720782,0.371898,0.368292,0.368324,0.004974,0.000823,3.083082,0.410920,0.392040,0.392080,0.005767,0.000942,7.623501,0.643806,0.616464,0.616538,0.009795,0.000443,10.067079,0.729840,0.708455,0.708491,0.007370,0.001045,4.636779,0.510222,0.480768,0.480829,0.007892,0.001420,2.409037,0.364142,0.346516,0.346581,0.006891,0.005275,3.222414,0.445928,0.400527,0.400842,0.016336,0.001146,3.518012,0.434137,0.418760,0.418824,0.007489,0.001553,5.463762,0.540418,0.521845,0.521950,0.010738,0.001889,7.047547,0.617804,0.592640,0.592791,0.013728,0.002193,4.973270,0.521386,0.497824,0.497971,0.012396,0.021103,2.386682,0.435762,0.343700,0.344969,0.030371,0.014166,7.295230,0.745495,0.601718,0.603118,0.042200,0.004805,6.141879,0.627979,0.553009,0.553392,0.021172,0.001207,7.763566,0.655871,0.622080,0.622176,0.011240,0.004956,3.457606,0.436515,0.414919,0.415212,0.016035,
Eating Action35,0.000081,10.896181,0.741417,0.737083,0.737089,0.003074,0.000085,6.687808,0.582587,0.577459,0.577464,0.002474,0.000060,2.010213,0.318937,0.316593,0.316595,0.001144,0.000029,4.752987,0.488095,0.486816,0.486817,0.001219,0.000092,8.201238,0.643580,0.639467,0.639473,0.002918,0.000111,10.307024,0.725718,0.716877,0.716885,0.003516,0.000173,5.762739,0.540887,0.536030,0.536040,0.003411,0.000106,2.364167,0.345889,0.343334,0.343338,0.001640,0.000123,3.118954,0.398331,0.394350,0.394355,0.002042,0.000365,3.519561,0.428172,0.418898,0.418916,0.003949,0.001325,5.411224,0.547986,0.519349,0.519434,0.009683,0.001992,7.074138,0.615746,0.593752,0.593908,0.013991,0.002721,4.903549,0.512821,0.494282,0.494468,0.013929,0.003713,2.243614,0.351325,0.334285,0.334470,0.011402,0.000621,7.038385,0.603352,0.592360,0.592406,0.007532,0.000583,6.077605,0.570135,0.550451,0.550489,0.006649,0.000631,7.658191,0.631365,0.617892,0.617939,0.007885,0.002346,3.497713,0.436122,0.417478,0.417614,0.010923,
Eating Action36,0.000410,7.533404,0.638198,0.628674,0.628706,0.006474,0.000522,5.490614,0.546973,0.536703,0.536738,0.006348,0.002613,2.353326,0.364424,0.351256,0.351393,0.010093,0.002107,2.971633,0.409606,0.394745,0.394866,0.010072,0.000851,7.306964,0.634374,0.619123,0.619185,0.009041,0.000271,9.263024,0.705843,0.697133,0.697153,0.005534,0.002260,4.698449,0.517646,0.496359,0.496511,0.012641,0.001663,2.268513,0.359738,0.344925,0.345003,0.007550,0.002466,3.070877,0.429017,0.401261,0.401405,0.011061,0.000765,3.346168,0.431198,0.418970,0.419011,0.006032,0.004006,5.265092,0.560298,0.525303,0.525600,0.018150,0.004936,6.962159,0.665602,0.603972,0.604399,0.023378,0.001738,4.749718,0.526132,0.499099,0.499213,0.010955,0.012016,2.146316,0.372695,0.334937,0.335582,0.021402,0.001739,6.696415,0.620295,0.592620,0.592752,0.012883,0.001844,5.726086,0.583333,0.547996,0.548127,0.012320,0.002969,7.115554,0.631926,0.610779,0.611021,0.017712,0.007278,3.259313,0.445751,0.413078,0.413538,0.020059,
Eating Action37,0.000073,8.166139,0.675180,0.672382,0.672387,0.002679,0.000035,5.016015,0.528984,0.526974,0.526976,0.001434,0.000167,1.304870,0.270393,0.268774,0.268779,0.001654,0.000073,4.123922,0.481182,0.477819,0.477822,0.001884,0.000129,7.541807,0.652989,0.646164,0.646173,0.003423,0.000061,9.754581,0.739769,0.734874,0.734878,0.002570,0.000255,5.379300,0.553558,0.545710,0.545725,0.004158,0.000083,2.114560,0.345089,0.342151,0.342154,0.001426,0.000304,2.810395,0.401630,0.394439,0.394453,0.003343,0.000316,3.133668,0.421931,0.416506,0.416522,0.003671,0.001069,4.834621,0.537077,0.517293,0.517359,0.008522,0.012526,6.103853,0.657401,0.580176,0.581317,0.037526,0.002211,4.400779,0.518580,0.493458,0.493601,0.012216,0.007016,1.979842,0.355085,0.330731,0.331075,0.015549,0.000316,6.311097,0.600352,0.591083,0.591103,0.005067,0.000489,5.459901,0.560198,0.549768,0.549798,0.005934,0.000595,6.924316,0.630318,0.619113,0.619155,0.007464,0.003195,3.117548,0.439967,0.415267,0.415449,0.012668,
Eating Action38,0.000056,8.051590,0.620800,0.618422,0.618426,0.002199,0.000283,5.343013,0.514096,0.503762,0.503779,0.004187,0.000091,1.849251,0.299328,0.296374,0.296377,0.001356,0.000071,3.746152,0.424132,0.421829,0.421832,0.001658,0.000261,8.484366,0.645739,0.634810,0.634829,0.004986,0.000082,11.022788,0.728040,0.723584,0.723590,0.003016,0.000417,5.651262,0.530117,0.518081,0.518107,0.005285,0.001621,2.534028,0.367036,0.346864,0.346939,0.007386,0.000674,3.255174,0.402116,0.393184,0.393218,0.005320,0.000336,3.682139,0.425084,0.418196,0.418212,0.003780,0.001630,5.826924,0.560298,0.525986,0.526098,0.011111,0.015276,7.378465,0.637391,0.590455,0.592011,0.044013,0.002836,5.239207,0.527561,0.498660,0.498861,0.014516,0.007262,2.325401,0.360991,0.331984,0.332350,0.015993,0.002238,7.517493,0.656494,0.597385,0.597562,0.014957,0.001290,6.440264,0.578819,0.553001,0.553094,0.010393,0.002428,8.141141,0.666728,0.621646,0.621855,0.016558,0.003476,3.716157,0.463162,0.419931,0.420140,0.013602,
Eating Action39,0.000025,10.719074,0.669487,0.667669,0.667670,0.001523,0.000021,5.170795,0.466568,0.463726,0.463727,0.000951,0.000062,2.608373,0.330861,0.329356,0.329358,0.001290,0.000042,3.641667,0.390669,0.389163,0.389165,0.001207,0.000087,9.425722,0.632710,0.626090,0.626096,0.002773,0.000062,13.480083,0.752665,0.748733,0.748738,0.002752,0.000270,5.583996,0.488969,0.481884,0.481899,0.003938,0.000093,2.827582,0.345619,0.342915,0.342919,0.001575,0.000381,3.715738,0.402375,0.393083,0.393103,0.003995,0.000126,4.186621,0.422769,0.417262,0.417268,0.002258,0.002444,6.628435,0.552884,0.524857,0.525036,0.014013,0.014887,8.394544,0.664891,0.589301,0.590857,0.043806,0.004243,5.936014,0.549040,0.496538,0.496856,0.018180,0.007871,2.717152,0.379029,0.335733,0.336156,0.017228,0.000789,8.488462,0.612326,0.594093,0.594153,0.008591,0.000614,7.395283,0.574981,0.554533,0.554576,0.007023,0.007739,9.116166,0.661837,0.614982,0.615729,0.030993,0.006181,4.217579,0.455588,0.418401,0.418808,0.018880,
Eating Action40,0.001498,6.802789,0.643969,0.613573,0.613698,0.012779,0.001854,2.786926,0.402990,0.392702,0.392802,0.009133,0.019832,1.945046,0.352543,0.326929,0.328153,0.029189,0.014950,2.197138,0.397104,0.347834,0.348771,0.026331,0.022211,7.263047,0.717283,0.631744,0.634119,0.056519,0.007250,10.934101,0.877889,0.777152,0.778041,0.038339,0.019606,3.942461,0.546057,0.465690,0.467191,0.038575,0.019990,2.146018,0.389782,0.343525,0.344689,0.029176,0.035641,3.199121,0.521652,0.418069,0.420849,0.049784,0.023773,3.007473,0.466623,0.406372,0.408049,0.038089,0.002012,4.878132,0.537539,0.519548,0.519682,0.012161,0.013422,6.370551,0.637354,0.592620,0.593881,0.039881,0.005331,4.512051,0.541044,0.499425,0.499802,0.020005,0.022207,2.125121,0.404195,0.341682,0.343007,0.031051,0.009864,6.558110,0.700744,0.601642,0.602560,0.034273,0.000664,5.511186,0.566745,0.552332,0.552374,0.007059,0.006195,6.863520,0.672393,0.615890,0.616431,0.026611,0.009300,3.100298,0.455862,0.413717,0.414298,0.022611,
