0.081709,121.450757,0.994741,0.799541,0.828336,0.217123,0.052919,33.939075,0.829507,0.429316,0.437881,0.086431,0.338904,43.453330,0.993554,0.309056,0.495471,0.388371,0.274401,21.416779,0.999837,0.281787,0.347843,0.204520,0.135092,17.113115,0.786998,0.294831,0.310936,0.099053,0.075976,56.721199,0.944877,0.550708,0.566082,0.131405,0.215229,24.982055,0.980120,0.331289,0.375682,0.177663,0.038114,54.849895,0.983003,0.550461,0.556665,0.083114,0.062369,35.479069,0.881254,0.439183,0.447706,0.087188,0.055367,49.967143,0.984326,0.521635,0.531311,0.101222,0.021450,46.383048,0.794516,0.509139,0.511901,0.053256,0.028473,44.104922,0.912074,0.495472,0.499172,0.060831,0.061928,38.178666,1.171046,0.456224,0.464426,0.087145,0.035065,35.203164,0.928380,0.441852,0.445961,0.060576,0.217727,30.367272,0.942432,0.383151,0.414199,0.157790,0.099906,34.237850,0.936820,0.426129,0.439804,0.109130,0.041703,48.527746,0.972491,0.517630,0.523602,0.079083,0.038277,45.288513,0.675846,0.500556,0.505825,0.073026,
0.268015,1.774304,0.264649,0.128452,0.160340,0.096677,0.134183,25.907518,0.952225,0.568364,0.612691,0.230508,0.008683,55.319372,0.963223,0.893328,0.895297,0.059781,0.115330,0.880033,0.157157,0.107668,0.112922,0.034298,0.172189,2.294622,0.440277,0.172083,0.182341,0.060745,0.033719,16.215388,0.570290,0.479284,0.484721,0.072937,0.035360,24.432437,1.022849,0.589517,0.594993,0.081140,0.026693,19.839647,0.683416,0.531751,0.536161,0.069138,0.043958,13.884787,0.565595,0.443083,0.448537,0.070250,0.027759,19.475068,0.693979,0.526855,0.531212,0.068399,0.005063,17.789057,0.557018,0.507202,0.507697,0.022591,0.003419,16.353512,0.555599,0.486478,0.486781,0.017305,0.005825,14.239892,0.510235,0.453717,0.454236,0.021869,0.011479,13.706346,0.524806,0.444596,0.445645,0.030796,0.081612,11.686339,0.799013,0.402377,0.411498,0.086799,0.113174,13.420196,0.821440,0.426456,0.440969,0.113033,0.016174,18.342751,0.656614,0.513726,0.515538,0.043511,0.087112,18.767578,0.786957,0.509212,0.521474,0.113257,
0.069497,8.894093,0.463527,0.324555,0.333404,0.076794,0.248489,22.535401,0.946225,0.424235,0.530705,0.320898,0.014548,47.139817,0.894991,0.764204,0.767563,0.072190,0.195332,3.074338,0.277423,0.173417,0.196018,0.091959,0.086594,2.501293,0.286028,0.171139,0.176808,0.044699,0.035952,20.194640,0.601484,0.495874,0.502387,0.081146,0.017233,24.134142,0.631545,0.546716,0.549207,0.052582,0.048020,21.989386,0.663508,0.515662,0.524236,0.095029,0.021599,15.402771,0.502770,0.436128,0.438753,0.048223,0.020843,21.649190,0.650872,0.517065,0.520165,0.057068,0.002533,20.956899,0.562170,0.511543,0.511780,0.015700,0.004031,19.217519,0.602377,0.489702,0.490082,0.019428,0.003909,16.772192,0.510722,0.457498,0.457841,0.017839,0.010869,16.025846,0.558771,0.446491,0.447539,0.030799,0.035987,12.495885,0.575356,0.391762,0.395188,0.052259,0.072103,14.976679,0.640634,0.424270,0.432641,0.085236,0.024970,21.719428,0.855085,0.517991,0.521008,0.056349,0.055415,21.299312,0.870168,0.508530,0.515945,0.087711,
0.066379,4.898016,0.359351,0.285695,0.293092,0.066024,0.197179,19.158610,0.932999,0.505608,0.579663,0.286060,0.010534,39.841533,0.939062,0.833542,0.835914,0.063494,0.149875,2.025260,0.263312,0.173939,0.188466,0.073216,0.066411,1.782371,0.232367,0.172771,0.176804,0.037890,0.026670,12.878973,0.559883,0.471189,0.475263,0.062654,0.008844,18.562260,0.618079,0.569490,0.570570,0.035398,0.063942,16.090170,0.754727,0.519737,0.531219,0.110847,0.025308,11.050620,0.505796,0.437204,0.440237,0.052057,0.014999,15.706655,0.609074,0.522882,0.524850,0.045818,0.030973,14.491934,0.614807,0.500613,0.504146,0.060121,0.064542,13.480231,0.668183,0.478311,0.486230,0.088191,0.025360,11.834767,0.623188,0.453009,0.455589,0.048850,0.046032,10.846434,0.666807,0.431382,0.436151,0.064906,0.061201,8.547705,0.571527,0.381017,0.387185,0.069456,0.126909,10.700336,0.796732,0.417625,0.433204,0.116169,0.022074,14.802955,0.619451,0.507090,0.509527,0.050233,0.094748,16.042450,1.226120,0.517237,0.530431,0.118636,
0.191435,3.012481,0.405837,0.234589,0.253111,0.096092,0.117912,16.598593,0.827192,0.563308,0.594134,0.190975,0.020507,33.211734,0.921237,0.836137,0.840416,0.085635,0.063352,0.593440,0.155113,0.110288,0.112341,0.021615,0.079181,1.453941,0.250469,0.171144,0.175842,0.040818,0.021535,10.780596,0.591415,0.475904,0.478817,0.053321,0.016436,14.023881,0.631956,0.544031,0.546113,0.048165,0.046960,15.486104,0.757551,0.565039,0.573878,0.101442,0.024018,9.358725,0.508272,0.443597,0.446125,0.047953,0.020774,13.039766,0.611789,0.523408,0.526603,0.058561,0.005569,12.327745,0.577973,0.511509,0.512024,0.023211,0.018752,11.665792,0.685219,0.496154,0.498087,0.044331,0.016847,9.777512,0.579051,0.454444,0.455998,0.038020,0.020643,9.359572,0.525083,0.444238,0.446145,0.041663,0.065262,7.301119,0.518848,0.387440,0.394043,0.072623,0.157233,8.988561,0.695290,0.416814,0.437213,0.133450,0.025102,12.360880,0.607582,0.509920,0.512712,0.054016,0.027751,12.179293,0.653188,0.505918,0.508932,0.055917,
0.123503,3.111874,0.272905,0.177643,0.189113,0.065239,0.110965,32.851018,0.995868,0.580343,0.614448,0.203049,0.008353,64.145790,0.987964,0.856694,0.858608,0.057634,0.196385,0.939822,0.182553,0.091268,0.103928,0.050003,0.067700,2.656440,0.260426,0.170391,0.174727,0.038912,0.019637,19.807379,0.544492,0.474148,0.477117,0.053448,0.018691,27.053177,0.688877,0.554465,0.557597,0.059357,0.023396,24.939623,0.671325,0.531431,0.535372,0.065221,0.022170,17.480964,0.548521,0.445384,0.448223,0.050659,0.014383,23.486625,0.601750,0.517448,0.519543,0.046884,0.004680,22.468187,0.550208,0.507685,0.508154,0.021955,0.016175,20.129328,0.594378,0.479262,0.480978,0.040836,0.005094,17.844310,0.545894,0.452399,0.452857,0.020483,0.006261,17.008486,0.515675,0.441564,0.442124,0.022364,0.040234,14.136205,0.576552,0.399037,0.403067,0.057190,0.065427,15.648039,0.627614,0.416552,0.424073,0.079982,0.017825,22.657710,0.645717,0.508221,0.510292,0.046201,0.117431,22.092519,0.719159,0.486403,0.503888,0.132359,
0.084875,15.260328,0.539551,0.397695,0.414056,0.115902,0.226671,26.648770,0.999605,0.451630,0.547162,0.310665,0.030810,43.826833,0.885684,0.693839,0.701693,0.105289,0.217991,2.787992,0.272631,0.153692,0.176979,0.088255,0.077562,3.172180,0.271087,0.183958,0.188780,0.042638,0.033564,22.124346,0.583988,0.492555,0.498554,0.077549,0.024081,22.035727,0.599583,0.494381,0.497554,0.056427,0.037496,24.110083,0.673647,0.513688,0.520447,0.084083,0.021317,17.439770,0.527951,0.440344,0.442637,0.045246,0.012203,23.769732,0.600781,0.515071,0.516760,0.041993,0.003182,23.052685,0.545363,0.508597,0.508906,0.017829,0.002881,21.213975,0.525131,0.487925,0.488189,0.016130,0.003603,18.534555,0.513381,0.456001,0.456318,0.017126,0.007520,18.045990,0.574159,0.449563,0.450264,0.025255,0.040711,14.087842,0.733008,0.393785,0.397832,0.056924,0.050959,16.898591,0.752836,0.430039,0.435715,0.070497,0.008310,22.989130,0.558381,0.507319,0.508204,0.030160,0.021205,23.186643,0.665766,0.507870,0.510383,0.050870,
0.049185,9.854343,0.435546,0.344821,0.350941,0.065672,0.223786,21.531436,0.943499,0.433845,0.518748,0.286209,0.017488,53.417349,0.918645,0.812622,0.817074,0.085721,0.149069,4.788157,0.353081,0.223090,0.244627,0.101008,0.083122,2.402544,0.269734,0.168463,0.173283,0.040846,0.027764,18.527762,0.592122,0.476773,0.481207,0.065590,0.018642,26.323821,0.677696,0.570770,0.573581,0.057082,0.049381,23.323720,0.752074,0.530649,0.539907,0.100191,0.049509,16.081234,0.555089,0.441834,0.448312,0.076416,0.011342,22.061802,0.608765,0.523577,0.525098,0.040197,0.007258,20.946373,0.667920,0.510904,0.511652,0.027833,0.003503,19.008582,0.541705,0.487088,0.487411,0.017842,0.013313,16.725305,0.609816,0.455886,0.457201,0.034868,0.011322,16.023087,0.570115,0.446417,0.447500,0.031311,0.195721,15.699649,1.297295,0.415346,0.442961,0.154938,0.197023,18.843395,1.320273,0.455227,0.485288,0.169221,0.026164,21.287064,0.685882,0.512639,0.515796,0.057344,0.103884,22.912387,1.319898,0.519390,0.535125,0.129638,
0.144719,3.409908,0.371927,0.207834,0.220687,0.074759,0.181654,18.914216,0.895101,0.463483,0.519756,0.236946,0.019673,46.733698,0.926879,0.812526,0.816997,0.085981,0.126156,0.962751,0.167445,0.110289,0.117263,0.040130,0.102797,1.964139,0.258448,0.161772,0.167491,0.043714,0.022136,18.403803,0.597164,0.509131,0.512695,0.060792,0.016129,21.652849,0.637777,0.553787,0.556113,0.051181,0.044518,21.596378,0.746422,0.546709,0.555387,0.098513,0.027658,14.068007,0.506264,0.445058,0.448251,0.053798,0.013659,19.183231,0.615139,0.521459,0.523439,0.045825,0.011903,17.969893,0.559657,0.505367,0.506615,0.035801,0.007530,16.794729,0.602057,0.489047,0.489770,0.026789,0.006525,14.200735,0.540585,0.449784,0.450361,0.022966,0.010824,13.590125,0.560506,0.439593,0.440572,0.029576,0.076229,11.301842,0.702227,0.393565,0.401772,0.081383,0.159092,14.548211,1.181951,0.434097,0.455838,0.140114,0.074292,17.673317,0.746465,0.492541,0.502417,0.099855,0.107228,19.212561,1.222284,0.508011,0.523839,0.128735,
0.164864,3.363528,0.292787,0.170083,0.188153,0.080888,0.135164,24.155791,0.875793,0.467706,0.504225,0.189407,0.012532,65.205883,0.963256,0.825373,0.828432,0.071512,0.193145,1.048707,0.196905,0.091398,0.105061,0.052087,0.077713,2.615878,0.258136,0.161541,0.165929,0.038111,0.017053,25.190404,0.576594,0.512131,0.514910,0.053705,0.024122,29.918046,0.705815,0.556741,0.561152,0.070598,0.020529,27.059046,0.669577,0.530212,0.533666,0.060951,0.022383,18.954330,0.516540,0.443891,0.446651,0.049843,0.011592,25.914315,0.630857,0.520583,0.522256,0.041999,0.002719,24.720782,0.550733,0.509823,0.510088,0.016514,0.004062,22.856160,0.550201,0.490085,0.490473,0.019612,0.005852,19.807033,0.549806,0.456043,0.456587,0.022395,0.013435,18.953437,0.581842,0.445309,0.446640,0.034642,0.049295,14.369683,0.520843,0.383959,0.388899,0.062126,0.094357,17.543593,0.719836,0.418175,0.429707,0.099414,0.011651,24.773436,0.642550,0.509302,0.510630,0.037013,0.030697,25.310211,0.741446,0.512248,0.516133,0.063544,
0.113187,11.701297,0.545635,0.387460,0.408811,0.131343,0.209384,20.976353,0.939132,0.472611,0.547357,0.278136,0.058215,34.947761,0.915903,0.688020,0.706505,0.161731,0.281506,1.652652,0.305751,0.133299,0.153637,0.076951,0.065926,2.585849,0.262903,0.188532,0.192179,0.037540,0.031846,17.659967,0.606711,0.496460,0.502227,0.076449,0.025562,16.888609,0.602315,0.487296,0.491137,0.061753,0.051614,18.822078,0.665631,0.508883,0.518489,0.100066,0.035104,13.747398,0.560602,0.438890,0.443114,0.061489,0.021802,18.383736,0.602801,0.509303,0.512415,0.056810,0.002713,18.258863,0.562363,0.510422,0.510672,0.016088,0.002102,16.599994,0.539357,0.486744,0.486922,0.013268,0.006617,14.719581,0.590551,0.457922,0.458515,0.023464,0.026905,14.882530,0.786987,0.458229,0.461045,0.051259,0.038298,11.655531,0.631076,0.404234,0.408011,0.055790,0.107813,14.413968,0.739200,0.439856,0.453730,0.112159,0.019579,17.666722,0.669507,0.500122,0.502323,0.047316,0.019070,18.068286,0.631594,0.505855,0.508000,0.046981,
0.042109,10.172608,0.544317,0.402818,0.408311,0.067314,0.156052,20.154466,0.917675,0.519947,0.574725,0.246942,0.013936,40.656363,0.914524,0.813555,0.816280,0.067207,0.113283,3.403829,0.353919,0.223782,0.236188,0.076178,0.069100,2.121773,0.255524,0.181911,0.186477,0.041356,0.019520,12.300727,0.524718,0.446340,0.448994,0.049154,0.018137,18.136669,0.622553,0.542781,0.545197,0.051700,0.050326,18.375791,0.716692,0.538842,0.548779,0.104840,0.025839,11.411202,0.513234,0.429439,0.432455,0.051408,0.008682,16.334616,0.581009,0.516181,0.517403,0.035848,0.016895,15.589000,0.546190,0.503672,0.505457,0.042792,0.015627,14.152408,0.549615,0.480029,0.481604,0.039250,0.007347,12.768083,0.568663,0.456785,0.457444,0.024737,0.015546,12.444488,0.595172,0.450119,0.451610,0.036972,0.063250,10.034437,0.835677,0.398928,0.405528,0.073485,0.114683,12.930176,1.010003,0.445478,0.460338,0.116998,0.079081,15.647617,0.635362,0.496147,0.506406,0.102273,0.077037,15.596385,0.673913,0.494970,0.505576,0.103882,
0.105536,6.427224,0.425031,0.210270,0.219823,0.064345,0.127273,32.660213,0.910639,0.463924,0.495531,0.174806,0.013173,78.480375,0.912257,0.765046,0.768143,0.069177,0.224835,0.606174,0.127658,0.058530,0.067509,0.033769,0.047382,3.851852,0.294661,0.167620,0.170175,0.029489,0.015708,36.299727,0.578011,0.519721,0.522412,0.053165,0.009533,35.811429,0.598939,0.517521,0.518887,0.037759,0.024145,39.033432,0.741049,0.537431,0.541727,0.068344,0.009516,27.201555,0.524645,0.451142,0.452229,0.031462,0.006752,36.112807,0.619119,0.520124,0.521066,0.031423,0.005721,34.775817,0.598482,0.510707,0.511329,0.025301,0.018750,32.842594,0.870153,0.494689,0.496913,0.047140,0.007851,27.666030,0.551290,0.455295,0.456074,0.026738,0.012697,26.766122,0.565293,0.447277,0.448595,0.034488,0.040386,20.929156,0.503568,0.392490,0.396678,0.057703,0.091080,27.446155,1.079206,0.442105,0.454258,0.104770,0.028648,35.531289,0.782857,0.512977,0.516853,0.063420,0.075390,38.072508,1.520572,0.523606,0.535017,0.110329,
0.194720,3.548552,0.345814,0.208930,0.235440,0.109410,0.132602,20.962159,0.909088,0.530914,0.572234,0.215212,0.018693,45.110733,0.956342,0.834873,0.839451,0.088254,0.196081,0.945670,0.195597,0.108515,0.121542,0.055183,0.102267,2.029841,0.267703,0.171280,0.178068,0.049090,0.026734,15.426277,0.563939,0.486425,0.490892,0.066603,0.037133,19.948321,0.724967,0.551710,0.558224,0.085711,0.028006,18.656268,0.661379,0.535388,0.539843,0.069771,0.045720,12.581057,0.557697,0.437257,0.443316,0.073635,0.020594,17.715041,0.651667,0.522801,0.526049,0.058841,0.003671,16.547428,0.546251,0.508068,0.508418,0.019000,0.004578,15.036180,0.538153,0.484232,0.484645,0.020165,0.005292,13.246111,0.516908,0.454430,0.454883,0.020454,0.015707,12.815465,0.584416,0.445950,0.447427,0.036620,0.046601,10.274885,0.621950,0.396174,0.400630,0.060070,0.076076,11.741507,0.763388,0.419707,0.428270,0.085897,0.014853,16.453226,0.637650,0.505351,0.506968,0.040790,0.033793,16.309189,0.712643,0.500622,0.504744,0.064896,
0.064889,10.852638,0.496370,0.379947,0.388203,0.080201,0.236017,20.906226,0.958326,0.440663,0.538801,0.312243,0.018787,49.819487,0.932459,0.826937,0.831745,0.089941,0.172989,6.558878,0.441193,0.270781,0.301790,0.134198,0.089243,2.303593,0.257079,0.173147,0.178852,0.045132,0.030288,15.461369,0.559905,0.458566,0.463356,0.066922,0.022976,24.891339,0.720745,0.583995,0.587915,0.068263,0.042430,19.487957,0.667976,0.512709,0.520204,0.088615,0.052001,14.337341,0.551465,0.438720,0.446195,0.081910,0.021648,19.496441,0.595952,0.517074,0.520317,0.058420,0.003129,18.626884,0.560354,0.508293,0.508582,0.017259,0.006926,17.271852,0.573819,0.489057,0.489734,0.025928,0.004953,14.740827,0.562309,0.452003,0.452430,0.019805,0.006986,13.946086,0.497273,0.439457,0.440065,0.023280,0.035643,10.943511,0.641117,0.386442,0.389824,0.051604,0.083278,13.779262,0.830130,0.427601,0.437425,0.092842,0.013754,18.281567,0.572093,0.502379,0.503846,0.038681,0.024916,18.388520,0.620060,0.502428,0.505317,0.054344,
0.050714,10.662716,0.534759,0.398110,0.404971,0.074817,0.254462,13.400509,0.860534,0.364980,0.453995,0.272136,0.032516,43.637009,0.934648,0.810268,0.819253,0.121951,0.129735,6.429239,0.444003,0.292783,0.314463,0.115647,0.110866,1.927316,0.260483,0.166040,0.172174,0.045907,0.025974,15.308940,0.595122,0.481261,0.485247,0.062558,0.034900,22.871667,0.735428,0.586516,0.593115,0.088932,0.061068,19.477441,0.734625,0.535561,0.547339,0.113829,0.074578,12.874791,0.531462,0.434909,0.445000,0.094978,0.014471,18.231819,0.607724,0.527513,0.529548,0.046745,0.006044,16.976142,0.612790,0.510392,0.510987,0.024847,0.009548,15.613693,0.583683,0.489108,0.490053,0.030657,0.023244,13.926343,0.734476,0.460427,0.462817,0.047336,0.017979,13.184236,0.580087,0.448513,0.450316,0.040582,0.046824,10.441027,0.638145,0.396088,0.400739,0.061363,0.063080,12.800696,0.730802,0.436520,0.443718,0.080229,0.027267,16.630472,0.779017,0.502583,0.505758,0.057030,0.017652,16.944693,0.682609,0.508566,0.510513,0.044898,
0.155780,3.881694,0.414870,0.248011,0.265616,0.095987,0.169635,16.175741,0.844036,0.488312,0.542221,0.237914,0.027773,36.438942,0.942718,0.807298,0.813818,0.103771,0.054709,0.871418,0.188899,0.123523,0.125851,0.024322,0.135389,1.680999,0.303996,0.167042,0.174795,0.051964,0.026471,13.917452,0.609636,0.498751,0.502949,0.065457,0.015431,16.425474,0.632025,0.544273,0.546390,0.048505,0.048931,17.480925,0.728024,0.553659,0.563672,0.106768,0.022522,11.095206,0.543491,0.446657,0.449068,0.046902,0.021586,15.059041,0.656070,0.519833,0.523170,0.059551,0.012860,14.645410,0.631139,0.514592,0.515935,0.037545,0.011159,13.189173,0.602004,0.488518,0.489613,0.033030,0.006016,11.454633,0.507469,0.455765,0.456284,0.021944,0.013310,11.119765,0.561613,0.448314,0.449564,0.033826,0.057026,8.831504,0.579870,0.394966,0.400647,0.067860,0.163622,11.665015,1.086519,0.438306,0.460455,0.142415,0.054636,13.488995,0.643116,0.488563,0.495147,0.081231,0.059581,14.902711,0.840007,0.512733,0.520447,0.090117,
0.057750,11.341975,0.419940,0.321071,0.328647,0.070497,0.224901,17.199852,0.838802,0.346686,0.404713,0.209821,0.030499,57.349131,0.909823,0.731109,0.739007,0.108275,0.128358,2.776029,0.249436,0.152729,0.162591,0.056035,0.072414,2.926382,0.284911,0.162996,0.166936,0.036233,0.017966,29.935997,0.611385,0.530940,0.533927,0.056675,0.018201,30.304591,0.665908,0.534355,0.537204,0.055521,0.034101,30.223281,0.704805,0.530344,0.536483,0.081317,0.024589,20.867840,0.545254,0.442815,0.445784,0.051610,0.014950,28.511164,0.665082,0.518873,0.521066,0.047991,0.007609,27.383760,0.658805,0.509838,0.510660,0.029111,0.011794,25.097445,0.670035,0.487612,0.488877,0.035328,0.006885,21.712904,0.614866,0.454063,0.454720,0.024558,0.017665,21.346876,0.630513,0.449024,0.450871,0.040967,0.051979,16.733882,0.699542,0.393647,0.399194,0.066636,0.127744,22.005042,1.138926,0.440331,0.457769,0.125750,0.021104,26.691661,0.623553,0.501645,0.504165,0.050595,0.029367,27.367307,0.877699,0.506811,0.510507,0.061615,
0.037892,22.044791,0.529810,0.428257,0.434054,0.071010,0.212359,24.529937,0.897799,0.385513,0.457867,0.248098,0.044041,56.884197,0.938122,0.684296,0.697247,0.134344,0.169337,4.623463,0.358150,0.181419,0.198781,0.081598,0.052923,3.894160,0.267009,0.179427,0.182431,0.033111,0.028219,30.768805,0.590020,0.507352,0.512798,0.074862,0.017242,29.651075,0.606749,0.500662,0.503398,0.052633,0.022556,32.118441,0.621654,0.519964,0.523924,0.064575,0.015316,23.540211,0.519474,0.446774,0.448535,0.039877,0.013677,31.225989,0.660359,0.514549,0.516594,0.046114,0.004588,30.301410,0.571052,0.508407,0.508888,0.022232,0.002628,27.637051,0.519637,0.485754,0.486001,0.015542,0.006335,24.245183,0.617986,0.454597,0.455201,0.023555,0.010159,23.327324,0.565486,0.445502,0.446502,0.029994,0.060407,18.754416,0.603291,0.393831,0.400353,0.072282,0.062566,22.855402,0.727083,0.434342,0.441962,0.082073,0.012399,30.154451,0.599848,0.506235,0.507653,0.038078,0.008278,29.610813,0.686998,0.502161,0.503056,0.030127,
0.035583,30.596319,0.552163,0.453375,0.459346,0.074080,0.229901,22.481228,0.894868,0.331359,0.393745,0.213431,0.022473,72.989922,0.937000,0.703904,0.709475,0.089042,0.086359,8.517771,0.386401,0.231767,0.242364,0.071131,0.052725,4.241817,0.276357,0.168227,0.171034,0.030967,0.015825,37.789334,0.597329,0.507922,0.510493,0.051348,0.014854,39.760888,0.631704,0.521353,0.523641,0.049066,0.028910,41.741900,0.731607,0.531204,0.536527,0.075654,0.012568,29.543547,0.539411,0.449937,0.451374,0.036113,0.005469,39.051832,0.586282,0.518208,0.518951,0.027845,0.009536,37.457899,0.600448,0.507156,0.508250,0.033442,0.010106,34.678795,0.664180,0.487908,0.489032,0.033252,0.006809,30.264264,0.523005,0.456165,0.456847,0.025035,0.015808,29.532449,0.594241,0.449590,0.451290,0.039271,0.051248,23.350434,0.705706,0.395597,0.401285,0.067562,0.091477,27.580416,0.977831,0.424206,0.436120,0.101594,0.044414,39.938431,1.227457,0.518639,0.524809,0.080513,0.040978,37.136544,0.921403,0.500551,0.506065,0.074764,
0.055669,18.741566,0.494040,0.378694,0.387199,0.081032,0.178624,19.437789,0.793096,0.355420,0.394325,0.171483,0.038489,65.051273,0.921892,0.710581,0.721371,0.124807,0.055466,3.626995,0.244291,0.166771,0.170335,0.034803,0.057060,3.663189,0.251373,0.168135,0.171183,0.032290,0.015450,34.533465,0.605701,0.523048,0.525595,0.051890,0.021095,33.599525,0.617928,0.514976,0.518439,0.060059,0.028778,36.910592,0.712526,0.538018,0.543383,0.076483,0.012210,25.557224,0.525961,0.450756,0.452155,0.035686,0.010826,33.340047,0.612405,0.514907,0.516433,0.039829,0.006842,32.379481,0.615441,0.508195,0.508939,0.027618,0.006227,29.734858,0.587299,0.487066,0.487712,0.025207,0.010398,25.772305,0.550796,0.452992,0.454054,0.031166,0.020175,24.499422,0.569683,0.440543,0.442699,0.043821,0.062015,20.129648,0.708665,0.394498,0.401281,0.073770,0.115063,25.680332,0.811841,0.437292,0.453243,0.119670,0.041280,34.324339,1.003118,0.518425,0.524001,0.076550,0.036811,33.498209,0.789315,0.512804,0.517656,0.071003,
0.091277,7.933192,0.432586,0.330942,0.344062,0.094826,0.131159,18.827439,0.834739,0.492515,0.530040,0.197388,0.029883,45.135320,0.985860,0.813016,0.820675,0.112712,0.183650,2.545574,0.308230,0.177692,0.194897,0.080679,0.086969,2.244836,0.270106,0.177664,0.183023,0.044303,0.026042,15.198644,0.562976,0.472255,0.476228,0.061859,0.046001,20.614174,0.728970,0.546153,0.554620,0.097285,0.023095,19.326042,0.647132,0.533395,0.537012,0.062703,0.048802,12.841628,0.558788,0.431130,0.437747,0.076401,0.016618,18.147590,0.638001,0.517968,0.520382,0.050444,0.005575,17.535784,0.574561,0.510988,0.511535,0.023831,0.004022,15.838706,0.539611,0.485792,0.486153,0.018868,0.012469,13.684751,0.523102,0.450722,0.451888,0.032701,0.015638,13.471566,0.561393,0.446828,0.448355,0.037248,0.030398,10.496813,0.589269,0.392943,0.395769,0.047571,0.050591,13.045537,0.675272,0.435576,0.441208,0.070812,0.026413,17.309268,0.651714,0.505167,0.508220,0.056053,0.050599,18.193952,1.047371,0.514581,0.521046,0.082455,
0.044607,25.977181,0.590331,0.475821,0.483745,0.087598,0.241421,20.206572,0.884403,0.345830,0.426645,0.250998,0.014777,65.812788,0.924114,0.766342,0.769973,0.075033,0.125083,12.526519,0.462167,0.312597,0.335920,0.123549,0.068252,3.305786,0.266984,0.168480,0.172567,0.037506,0.026772,25.639612,0.588894,0.476111,0.480592,0.065771,0.010564,35.218716,0.631148,0.561598,0.563258,0.043415,0.024296,30.745317,0.662310,0.522064,0.526272,0.066723,0.023528,22.251205,0.540663,0.444780,0.447711,0.051374,0.014476,29.630325,0.616829,0.514478,0.516641,0.047438,0.003992,29.146451,0.559140,0.511993,0.512405,0.020632,0.004493,26.639603,0.579607,0.489429,0.489874,0.020975,0.006611,22.983780,0.540351,0.454390,0.455021,0.024058,0.015405,22.605095,0.661002,0.449657,0.451257,0.038141,0.041345,17.241871,0.609565,0.389850,0.394106,0.058023,0.074721,20.088479,0.757593,0.416454,0.425397,0.087164,0.015127,28.426100,0.611944,0.504272,0.506033,0.042378,0.028169,28.391638,0.684699,0.502216,0.505727,0.059758,
0.021684,26.054373,0.569989,0.487811,0.491145,0.057399,0.318888,13.048211,0.812636,0.235129,0.347572,0.257174,0.047270,55.109075,0.932777,0.698895,0.714300,0.148243,0.078601,12.066429,0.478887,0.322449,0.334240,0.088409,0.066430,2.983879,0.253344,0.162642,0.166211,0.034422,0.028103,29.439586,0.603630,0.516520,0.522078,0.076329,0.018242,34.512962,0.678055,0.561946,0.565276,0.061551,0.034740,31.099710,0.716810,0.530246,0.536596,0.082691,0.033695,22.039547,0.589471,0.447216,0.451721,0.063941,0.010312,29.881286,0.624738,0.524468,0.525979,0.040032,0.006334,27.943796,0.576091,0.507962,0.508642,0.026403,0.007200,25.142049,0.537533,0.481736,0.482469,0.026719,0.016033,22.520808,0.658969,0.454938,0.456627,0.039416,0.013529,21.568890,0.609744,0.445485,0.446872,0.035342,0.030586,16.402580,0.578987,0.386790,0.389695,0.047722,0.086372,20.356346,0.601832,0.423491,0.434129,0.095968,0.030374,28.585767,0.651581,0.510587,0.514451,0.063231,0.038710,27.312494,0.638984,0.497991,0.502863,0.070161,
0.064687,11.972874,0.519760,0.390016,0.399511,0.087173,0.235121,13.900883,0.800479,0.361145,0.430478,0.235876,0.052323,43.551353,0.954493,0.746822,0.761957,0.152148,0.026593,3.621781,0.274932,0.218172,0.219731,0.026305,0.073140,2.168162,0.286399,0.165984,0.170010,0.037032,0.027269,19.809088,0.618344,0.509128,0.513880,0.070199,0.018360,22.487554,0.625713,0.544736,0.547521,0.055530,0.040921,23.356750,0.737342,0.550132,0.558002,0.094026,0.015961,15.307914,0.519615,0.449939,0.451739,0.040569,0.016636,20.365086,0.640008,0.518584,0.521042,0.050899,0.006022,19.624886,0.570155,0.510876,0.511485,0.025122,0.010999,17.666769,0.544384,0.484192,0.485298,0.032968,0.011878,15.780615,0.651259,0.457513,0.458661,0.032653,0.045943,15.753806,0.974248,0.453118,0.458271,0.069000,0.074674,12.132910,0.717614,0.394126,0.402172,0.080593,0.172515,16.246568,1.161674,0.440147,0.465383,0.152199,0.029362,20.477237,0.723518,0.518866,0.522475,0.061722,0.036287,18.965454,0.611517,0.498456,0.502819,0.066545,
0.092051,34.890905,0.679532,0.519557,0.541461,0.153097,0.131038,26.769443,0.877902,0.441792,0.474275,0.173237,0.076712,57.720038,0.986191,0.673905,0.696425,0.176418,0.074562,6.008201,0.326864,0.217881,0.224690,0.055128,0.055686,4.807951,0.311761,0.197146,0.200998,0.039326,0.019426,28.072698,0.556613,0.482632,0.485683,0.054584,0.067033,27.724763,0.740076,0.469818,0.482664,0.111086,0.031199,34.957010,0.673600,0.536263,0.541974,0.078801,0.024238,22.963947,0.577165,0.436258,0.439273,0.051595,0.009292,32.176224,0.624773,0.518643,0.519970,0.037282,0.015630,31.758587,0.926978,0.514736,0.516585,0.043848,0.002884,28.248635,0.553846,0.486924,0.487203,0.016545,0.007948,24.598976,0.568907,0.453860,0.454642,0.026771,0.013070,23.795242,0.558442,0.445834,0.447153,0.034462,0.036361,19.178114,0.822240,0.397717,0.401434,0.054732,0.058547,23.434544,0.932935,0.436740,0.443751,0.078903,0.019268,29.960403,0.654124,0.499446,0.501747,0.048204,0.018796,29.642539,0.673913,0.496854,0.499078,0.047265,
0.084492,39.667840,0.758275,0.590499,0.614617,0.171309,0.167434,25.319217,0.934644,0.443175,0.491033,0.212469,0.097761,38.167176,0.934472,0.571128,0.602879,0.194005,0.041889,4.403852,0.286190,0.201948,0.204787,0.034145,0.057014,4.876699,0.306671,0.211628,0.215500,0.040869,0.030265,26.518102,0.587736,0.497177,0.502524,0.073462,0.050900,19.487832,0.608979,0.421794,0.430791,0.088007,0.039481,29.347637,0.697325,0.521166,0.528654,0.089091,0.016938,21.818538,0.540757,0.454000,0.455825,0.040947,0.012207,27.013333,0.594240,0.505480,0.507194,0.041863,0.009085,27.061691,0.595646,0.506649,0.507648,0.031989,0.013228,24.736056,0.588752,0.483900,0.485345,0.037605,0.015993,22.048386,0.625155,0.456533,0.458220,0.039471,0.016591,21.170017,0.589781,0.447273,0.449000,0.039531,0.037698,16.928703,0.560061,0.397634,0.401511,0.055927,0.083542,21.297867,0.693506,0.439463,0.450353,0.098917,0.061994,27.772382,0.852331,0.505661,0.514271,0.094163,0.116873,30.051177,1.394411,0.516234,0.534953,0.140956,
0.039852,20.857519,0.699907,0.586233,0.594485,0.099569,0.216175,14.711145,0.873874,0.423028,0.499267,0.267484,0.070955,31.830589,0.929660,0.713056,0.734398,0.177298,0.062641,6.844214,0.467178,0.333198,0.340542,0.070957,0.088596,2.293998,0.302565,0.191646,0.197154,0.046682,0.037692,12.667009,0.571726,0.457047,0.463283,0.076419,0.030552,15.701625,0.638937,0.511103,0.515800,0.070059,0.061435,18.524950,0.733928,0.547852,0.560258,0.118271,0.066992,11.601847,0.538903,0.434795,0.443377,0.087571,0.014511,15.832340,0.638184,0.515901,0.517943,0.046346,0.003343,15.461082,0.543860,0.511531,0.511834,0.017781,0.005370,14.226806,0.552589,0.490484,0.490979,0.022236,0.005861,12.224890,0.522626,0.454624,0.455126,0.021570,0.014524,11.904307,0.538072,0.447775,0.449119,0.035021,0.046703,8.572218,0.540585,0.376736,0.381115,0.058109,0.081730,10.574660,0.651450,0.414150,0.423295,0.088275,0.018963,14.232866,0.573746,0.489095,0.491084,0.044535,0.063053,14.217183,0.620228,0.482983,0.490813,0.088083,
0.017169,31.138520,0.605021,0.541593,0.544546,0.056899,0.159244,19.696633,0.819243,0.393776,0.433093,0.181179,0.030498,50.406164,0.891277,0.685373,0.692831,0.101875,0.022951,6.758832,0.317660,0.251738,0.253700,0.031644,0.038632,3.557161,0.274336,0.181913,0.184051,0.028102,0.016198,24.548069,0.557782,0.481057,0.483497,0.048749,0.008510,25.086933,0.580620,0.487694,0.488775,0.032642,0.025163,30.473452,0.684456,0.534234,0.538699,0.069553,0.008499,21.302203,0.534318,0.449526,0.450399,0.028170,0.006848,27.818076,0.574106,0.513778,0.514694,0.030844,0.003380,27.310745,0.560761,0.509644,0.509979,0.018576,0.004626,25.224699,0.554217,0.489657,0.490115,0.021290,0.004121,22.050364,0.576026,0.457867,0.458240,0.018590,0.006896,21.178986,0.592501,0.448449,0.449095,0.024197,0.029560,16.670840,0.558457,0.395547,0.398441,0.048166,0.050524,19.338306,0.567447,0.423471,0.429136,0.069833,0.016195,26.610095,0.693192,0.501534,0.503395,0.043444,0.013844,27.472084,0.618488,0.509886,0.511483,0.040579,
0.086987,20.449333,0.641385,0.522865,0.540437,0.137690,0.151091,22.987429,0.925031,0.525541,0.572995,0.229992,0.036459,38.569484,0.910244,0.733281,0.742211,0.115629,0.027114,4.196640,0.310714,0.242857,0.244825,0.031207,0.078181,3.123947,0.294536,0.205332,0.211231,0.049935,0.033130,14.137200,0.547987,0.444128,0.449352,0.068820,0.051147,17.369990,0.695100,0.489737,0.498087,0.091485,0.028888,20.691559,0.656893,0.538947,0.543628,0.071708,0.051080,13.427450,0.569537,0.430717,0.437927,0.079721,0.018199,19.910569,0.692231,0.530429,0.533270,0.055379,0.003437,18.076154,0.579293,0.507791,0.508111,0.018144,0.009018,16.819833,0.590361,0.489229,0.490136,0.030008,0.012569,14.404308,0.595467,0.452376,0.453578,0.033232,0.010505,13.871743,0.553310,0.444141,0.445114,0.029628,0.029511,10.851668,0.520286,0.390984,0.393689,0.046415,0.044233,13.505600,0.660555,0.434417,0.439200,0.065112,0.018519,17.835015,0.629532,0.502657,0.504710,0.045814,0.039031,18.057285,0.697528,0.503076,0.507845,0.069945,
0.039938,41.949454,0.712684,0.563942,0.572459,0.098770,0.262555,21.616926,0.900088,0.312481,0.410940,0.267941,0.057245,53.504287,0.907334,0.629026,0.646511,0.149933,0.105179,11.885005,0.485917,0.286997,0.304706,0.102769,0.057375,4.388204,0.291632,0.181480,0.185151,0.036829,0.030384,33.456189,0.593952,0.504987,0.511234,0.079991,0.016422,31.876184,0.623040,0.496583,0.499016,0.049416,0.024096,35.097606,0.653606,0.519440,0.523625,0.066334,0.020829,26.482383,0.567049,0.452055,0.454841,0.050472,0.008586,34.296482,0.596391,0.516372,0.517614,0.035988,0.006450,33.516348,0.685282,0.510985,0.511693,0.027027,0.009002,30.812914,0.618704,0.489647,0.490623,0.031062,0.005387,26.604464,0.539760,0.455375,0.455889,0.021713,0.007236,25.845269,0.553507,0.448640,0.449337,0.025116,0.041445,21.093897,0.626773,0.401512,0.405938,0.060017,0.091884,27.591460,0.909920,0.451605,0.464268,0.108120,0.024172,34.193560,0.879368,0.513784,0.516837,0.056320,0.038199,33.946570,0.828255,0.509856,0.514967,0.072658,
0.028554,35.842542,0.735446,0.604993,0.610998,0.085905,0.266329,15.081535,0.834393,0.309756,0.396336,0.248563,0.062306,45.125692,0.881529,0.666371,0.685571,0.161966,0.091750,13.470441,0.542578,0.357668,0.374568,0.111833,0.111148,3.427010,0.348951,0.182032,0.188929,0.050848,0.027709,22.906689,0.601701,0.483761,0.488452,0.067891,0.038582,26.140250,0.680035,0.514321,0.521789,0.088434,0.037725,28.226601,0.673082,0.535290,0.542213,0.086826,0.050371,19.332629,0.597386,0.442038,0.448731,0.077622,0.009066,26.553799,0.607546,0.524687,0.525901,0.035893,0.008776,24.987877,0.616920,0.509209,0.510158,0.031272,0.024014,24.079535,0.795071,0.497972,0.500800,0.053431,0.020762,20.638384,0.687440,0.461366,0.463637,0.046081,0.045552,20.324561,0.697416,0.454723,0.460099,0.070501,0.074359,15.237885,0.648490,0.390235,0.398385,0.080592,0.128721,18.277354,0.833839,0.419283,0.436312,0.121345,0.050602,26.093237,1.152114,0.514570,0.521320,0.084061,0.105618,27.392936,1.297184,0.517841,0.534146,0.131660,
0.052123,16.380547,0.570069,0.468151,0.476930,0.091734,0.236015,12.498232,0.784387,0.345813,0.416596,0.233958,0.051177,35.590116,0.897430,0.689012,0.703000,0.140535,0.032228,3.925311,0.298712,0.231124,0.233468,0.033238,0.089424,2.257499,0.290260,0.171941,0.177053,0.042539,0.024171,19.141979,0.598291,0.511278,0.515566,0.066824,0.016295,19.158258,0.604299,0.513605,0.515785,0.047713,0.038965,22.265716,0.715266,0.548985,0.556044,0.088946,0.023282,14.656786,0.523424,0.448509,0.451139,0.048988,0.014927,19.553654,0.647957,0.518939,0.521080,0.047527,0.008804,18.853078,0.667625,0.510745,0.511660,0.030808,0.017384,17.639319,0.646869,0.493058,0.494916,0.043146,0.038383,16.139582,0.796203,0.468989,0.473409,0.065002,0.047666,15.016451,0.791450,0.451222,0.456640,0.070637,0.043620,11.981999,0.625055,0.403589,0.407902,0.059578,0.075320,14.225082,0.646538,0.435348,0.444445,0.090098,0.036935,17.243683,0.595934,0.485007,0.489334,0.065398,0.097252,16.733036,0.762185,0.468957,0.482034,0.112314,
0.018438,22.411788,0.539340,0.452983,0.455520,0.048231,0.164260,19.225544,0.838995,0.383715,0.421899,0.176214,0.023555,53.173386,0.907916,0.696420,0.701643,0.085860,0.107287,4.361531,0.380597,0.192873,0.200950,0.056666,0.074841,3.554059,0.274773,0.177026,0.181398,0.039768,0.020929,27.482951,0.567845,0.501059,0.504430,0.058493,0.017461,26.827354,0.705839,0.496080,0.498377,0.048017,0.023981,30.904983,0.689977,0.530858,0.534913,0.066050,0.026396,21.092080,0.508031,0.438761,0.441905,0.052868,0.016612,28.741663,0.671003,0.513401,0.515852,0.050458,0.003974,28.020995,0.562757,0.508939,0.509344,0.020386,0.005251,25.807198,0.594850,0.488286,0.488809,0.022721,0.011441,22.319179,0.578217,0.453435,0.454578,0.032372,0.014325,21.652798,0.561936,0.446284,0.447740,0.036251,0.043760,16.862963,0.754693,0.390642,0.395126,0.059641,0.060202,20.348114,0.758438,0.426984,0.434041,0.078322,0.019441,28.372870,0.648496,0.510175,0.512532,0.049324,0.067962,27.595982,0.771962,0.496038,0.505466,0.097627,
0.058842,38.168295,0.722852,0.549014,0.561621,0.118827,0.295982,14.977528,0.855807,0.272252,0.351813,0.223761,0.053150,57.682303,0.898171,0.674196,0.690420,0.149421,0.133644,15.905252,0.542918,0.332583,0.362545,0.144924,0.066280,3.747116,0.276819,0.172231,0.175971,0.036239,0.026252,31.036140,0.591795,0.501476,0.506438,0.071012,0.025821,34.606878,0.674966,0.530139,0.534778,0.070583,0.033438,33.426090,0.692439,0.519690,0.525575,0.078764,0.046188,25.476265,0.570175,0.452344,0.458839,0.077248,0.011788,32.409302,0.632987,0.515804,0.517520,0.042279,0.005711,30.957866,0.570792,0.505197,0.505799,0.024770,0.006707,28.552345,0.558047,0.485056,0.485750,0.026072,0.005142,25.297458,0.545343,0.456735,0.457226,0.021277,0.007874,24.471221,0.558442,0.448928,0.449697,0.026406,0.043499,18.851393,0.587661,0.390203,0.394697,0.059644,0.060463,23.252029,0.682380,0.431101,0.438352,0.079729,0.035629,32.078861,0.896709,0.510162,0.514875,0.069796,0.056003,32.018261,0.842879,0.506639,0.514388,0.089323,
0.031619,37.960572,0.735774,0.586308,0.592837,0.088156,0.315338,13.898126,0.841048,0.262239,0.358713,0.245908,0.059844,51.033894,0.904015,0.670891,0.687383,0.150370,0.074770,15.776664,0.517059,0.368510,0.382188,0.101809,0.096520,3.454196,0.297766,0.172892,0.178831,0.045921,0.023517,27.017284,0.583446,0.496318,0.500138,0.061991,0.030917,31.021721,0.666564,0.530260,0.535923,0.078068,0.044007,32.177401,0.723951,0.537443,0.545814,0.095672,0.029376,21.000482,0.538871,0.437331,0.440944,0.056601,0.010506,28.865256,0.625157,0.515508,0.516960,0.038899,0.005415,28.367639,0.594979,0.511913,0.512485,0.024311,0.004700,25.417011,0.534778,0.484640,0.485100,0.021228,0.011040,22.603703,0.595022,0.456340,0.457466,0.032233,0.020997,21.741791,0.581948,0.446404,0.448659,0.045145,0.133251,17.459230,0.745041,0.385510,0.402052,0.114676,0.093179,21.671888,1.047942,0.435591,0.447938,0.104936,0.021520,28.449870,0.699277,0.510629,0.513227,0.051814,0.020451,28.387024,0.665051,0.510157,0.512660,0.050834,
0.063276,22.479421,0.598239,0.452680,0.464896,0.106391,0.262941,14.264734,0.767565,0.301282,0.370335,0.216406,0.045990,52.513039,0.936732,0.697348,0.710553,0.137018,0.081960,6.718854,0.409109,0.246733,0.254162,0.061298,0.061188,2.918513,0.249327,0.164292,0.167511,0.032842,0.019501,28.238491,0.596471,0.517642,0.521055,0.059831,0.011056,29.510968,0.609279,0.531145,0.532666,0.040418,0.031511,31.358550,0.719047,0.543378,0.549087,0.079359,0.015994,21.976115,0.539601,0.457835,0.459662,0.041140,0.010362,28.457501,0.605840,0.521586,0.523072,0.039588,0.004995,27.387907,0.576661,0.512629,0.513148,0.023167,0.007958,24.883026,0.573534,0.488286,0.489119,0.028664,0.026873,21.996501,0.793437,0.456883,0.459875,0.052627,0.006445,20.905958,0.535362,0.447729,0.448330,0.023322,0.046662,16.818865,0.602352,0.397268,0.402125,0.062615,0.075600,19.548733,0.704956,0.424380,0.433533,0.089049,0.022826,26.918956,0.685226,0.505994,0.508735,0.053000,0.096973,28.535472,1.034949,0.509070,0.523788,0.123897,
0.025912,11.165731,0.559792,0.463744,0.467812,0.062186,0.226747,10.797170,0.823729,0.411949,0.460027,0.206829,0.023349,26.539553,0.885032,0.716398,0.721232,0.084210,0.062562,2.401464,0.282185,0.211436,0.216953,0.049111,0.077717,1.749660,0.274324,0.180582,0.185185,0.041446,0.035224,12.481321,0.578406,0.489092,0.494605,0.074389,0.009469,13.125977,0.578261,0.506088,0.507217,0.034161,0.015844,16.235611,0.663387,0.561785,0.564108,0.051659,0.005408,11.374569,0.512652,0.471692,0.472167,0.021380,0.019299,12.582783,0.579910,0.493884,0.496611,0.052501,0.007781,13.166513,0.584457,0.507242,0.508000,0.028007,0.003627,11.984754,0.521371,0.484357,0.484666,0.017475,0.004801,10.544723,0.512077,0.454228,0.454617,0.018999,0.007723,10.211693,0.520569,0.446711,0.447380,0.024711,0.054556,7.098979,0.490554,0.368048,0.373015,0.061284,0.074233,9.056170,0.663470,0.413471,0.421309,0.081710,0.024055,13.754068,0.748392,0.516477,0.519211,0.053747,0.113473,14.918954,1.271577,0.524384,0.540751,0.133376,
0.044390,10.891694,0.567297,0.442800,0.449028,0.075244,0.345529,6.771588,0.769714,0.288371,0.354055,0.207385,0.034837,25.295249,0.903661,0.676588,0.684298,0.103414,0.046029,2.694572,0.302165,0.219586,0.223342,0.041181,0.108147,1.649168,0.276313,0.169126,0.174726,0.044301,0.036355,15.514154,0.601935,0.530163,0.535908,0.079005,0.020148,15.090462,0.637356,0.525658,0.528539,0.055641,0.026428,16.914137,0.714406,0.555355,0.559565,0.069168,0.011860,12.361258,0.542954,0.477191,0.478363,0.033785,0.019510,13.020575,0.541167,0.488248,0.490954,0.051965,0.009402,13.890507,0.605859,0.506168,0.507090,0.030862,0.020830,12.798950,0.736133,0.484613,0.486758,0.046085,0.010596,11.308975,0.542816,0.456581,0.457549,0.030028,0.013932,10.935818,0.554821,0.448633,0.449937,0.034556,0.048952,9.120268,0.643523,0.406023,0.410894,0.063684,0.127209,12.065340,0.910613,0.455467,0.472602,0.127313,0.057867,13.734126,0.689964,0.496947,0.504227,0.086194,0.129223,14.716634,1.042748,0.502628,0.521951,0.142053,
0.024410,23.730993,0.722817,0.651867,0.656753,0.080712,0.349321,9.267936,0.732229,0.300992,0.410427,0.281643,0.108052,23.070073,0.922018,0.617588,0.647543,0.196498,0.010431,7.627576,0.402890,0.371330,0.372338,0.027641,0.047160,1.977187,0.258511,0.186831,0.189569,0.032404,0.046966,13.954605,0.582971,0.495585,0.503620,0.090444,0.016311,13.982522,0.607952,0.501853,0.504123,0.048235,0.033910,18.393579,0.719752,0.571966,0.578199,0.085462,0.002743,11.910951,0.495315,0.465060,0.465283,0.014550,0.007844,13.585320,0.538037,0.495933,0.496912,0.031464,0.003256,14.335501,0.548846,0.510156,0.510447,0.017404,0.008655,13.085110,0.557434,0.486864,0.487678,0.028425,0.015195,11.426198,0.615954,0.454270,0.455717,0.036630,0.018169,10.863677,0.520765,0.442669,0.444358,0.039061,0.033945,9.000036,0.530348,0.401207,0.404451,0.051609,0.071014,10.998092,0.652542,0.438965,0.447098,0.085689,0.017810,14.711819,0.692271,0.515145,0.517103,0.045387,0.016601,14.349059,0.617391,0.508913,0.510688,0.042948,
